{"stats":{"minecraft:picked_up":{"minecraft:wheat_seeds":2},"minecraft:custom":{"minecraft:jump":41,"minecraft:time_since_rest":3387,"minecraft:crouch_one_cm":61,"minecraft:sprint_one_cm":7990,"minecraft:play_time":3387,"minecraft:damage_taken":195,"minecraft:time_since_death":3387,"minecraft:walk_one_cm":1089,"minecraft:sneak_time":7,"minecraft:climb_one_cm":106,"minecraft:total_world_time":3387,"minecraft:drop":1,"minecraft:fall_one_cm":836,"minecraft:fly_one_cm":10921},"minecraft:dropped":{"minecraft:wheat_seeds":2},"minecraft:mined":{"minecraft:grass":2,"minecraft:fern":1}},"DataVersion":3465}