{"stats":{"minecraft:picked_up":{"minecraft:shelter_pottery_sherd":1,"minecraft:coarse_dirt":1,"minecraft:crafting_table":3,"minecraft:iron_chestplate":1,"minecraft:wheat":1,"minecraft:clay_ball":4,"minecraft:jungle_log":16,"minecraft:leather":4,"minecraft:stone_slab":1,"minecraft:wooden_pickaxe":2,"spartanweaponry:iron_lance":1,"minecraft:tuff":9,"minecraft:oak_log":5,"tombstone:grave_key":2,"minecraft:red_bed":1,"minecraft:dirt":29,"minecraft:lantern":1,"minecraft:raw_copper":22,"minecraft:sea_pickle":2,"minecraft:wheat_seeds":11,"minecraft:raw_gold":6,"minecraft:beef":6,"unusualprehistory:plant_fossil_item":8,"minecraft:bamboo":3,"minecraft:sheaf_pottery_sherd":1,"minecraft:raw_gold_block":2,"patchouli:guide_book":1,"minecraft:bamboo_slab":1,"minecraft:jungle_planks":24,"minecraft:mossy_cobblestone":1,"minecraft:orange_bed":3,"minecraft:arrow":9,"minecraft:snort_pottery_sherd":1,"minecraft:angler_pottery_sherd":1,"minecraft:hay_block":2,"minecraft:spruce_sign":1,"minecraft:bread":31,"darkestsouls:small_soul_fragment":3,"minecraft:oak_sapling":1,"minecraft:glow_berries":1,"iceandfire:raw_silver":4,"minecraft:cobblestone":42},"minecraft:killed_by":{"minecraft:skeleton":1,"minecraft:zombie":1,"darkestsouls:skeleton_spear":2},"minecraft:custom":{"minecraft:mob_kills":3,"minecraft:interact_with_crafting_table":6,"minecraft:leave_game":1,"minecraft:time_since_death":8305,"minecraft:sleep_in_bed":1,"minecraft:climb_one_cm":7667,"minecraft:time_since_rest":5820,"minecraft:sprint_one_cm":197165,"minecraft:damage_taken":1590,"minecraft:walk_one_cm":99420,"minecraft:drop":18,"minecraft:damage_dealt":474,"minecraft:swim_one_cm":4034,"minecraft:fly_one_cm":105679,"minecraft:open_chest":14,"minecraft:crouch_one_cm":1221,"minecraft:play_time":60396,"minecraft:deaths":5,"minecraft:sneak_time":481,"minecraft:walk_under_water_one_cm":1911,"minecraft:interact_with_lectern":1,"minecraft:jump":893,"minecraft:walk_on_water_one_cm":14853,"minecraft:interact_with_smoker":3,"minecraft:total_world_time":60396,"minecraft:fall_one_cm":23054},"minecraft:crafted":{"minecraft:wooden_sword":2,"minecraft:oak_planks":20,"minecraft:crafting_table":3,"minecraft:wooden_pickaxe":2,"minecraft:furnace":1,"minecraft:jungle_planks":64,"minecraft:stick":16,"minecraft:stone_pickaxe":1,"minecraft:wooden_axe":1},"minecraft:killed":{"minecraft:cow":3},"minecraft:dropped":{"minecraft:wheat_seeds":5,"minecraft:tuff":9,"minecraft:jungle_planks":24,"patchouli:guide_book":2,"minecraft:dirt":2,"tombstone:grave_key":5,"minecraft:wooden_sword":1,"minecraft:bamboo":3,"minecraft:wooden_pickaxe":3},"minecraft:mined":{"minecraft:tuff":12,"iceandfire:silver_ore":3,"minecraft:red_bed":1,"minecraft:mossy_cobblestone":1,"minecraft:crafting_table":3,"minecraft:cave_vines_plant":2,"minecraft:grass_block":4,"minecraft:jungle_log":16,"minecraft:copper_ore":6,"minecraft:tall_grass":2,"minecraft:cobblestone":2,"minecraft:hay_block":2,"minecraft:grass":25,"minecraft:oak_log":5,"minecraft:cave_vines":1,"minecraft:vine":5,"minecraft:dirt":6,"minecraft:bamboo":1,"minecraft:stone":21,"minecraft:oak_leaves":16,"minecraft:orange_bed":3,"minecraft:fern":7},"minecraft:used":{"spartanweaponry:iron_lance":3,"minecraft:stone_pickaxe":15,"minecraft:leather_chestplate":1,"minecraft:wooden_pickaxe":40,"minecraft:iron_sword":1,"minecraft:leather_boots":1,"minecraft:iron_chestplate":1,"minecraft:dirt":5,"minecraft:crafting_table":4,"minecraft:wooden_axe":2,"minecraft:lantern":1,"minecraft:bread":9,"minecraft:leather_helmet":1,"minecraft:wooden_sword":28,"minecraft:hay_block":1}},"DataVersion":3465}