{"stats":{"minecraft:picked_up":{"minecraft:iron_chestplate":2,"minecraft:crafting_table":4,"minecraft:shelter_pottery_sherd":2,"minecraft:coarse_dirt":2,"minecraft:wheat":1,"minecraft:clay_ball":8,"minecraft:leather_leggings":1,"gnumus:gnumus_claw":2,"minecraft:stone_slab":2,"minecraft:wooden_pickaxe":2,"spartanweaponry:iron_lance":1,"tombstone:grave_key":2,"iceandfire:frozen_stone":3,"minecraft:string":1,"minecraft:red_bed":1,"minecraft:raw_copper":23,"minecraft:iron_leggings":1,"minecraft:sea_pickle":4,"minecraft:beef":13,"unusualprehistory:plant_fossil_item":16,"minecraft:iron_nugget":2,"minecraft:iron_boots":1,"minecraft:raw_iron":1,"minecraft:sheaf_pottery_sherd":2,"minecraft:raw_gold_block":2,"minecraft:bamboo_slab":2,"minecraft:torch":8,"minecraft:carrot":3,"minecraft:orange_bed":3,"minecraft:arrow":20,"minecraft:hay_block":2,"minecraft:glow_berries":1,"minecraft:cobblestone":117,"minecraft:birch_log":5,"gnumus:gnumus_doubloons":19,"minecraft:jungle_log":16,"minecraft:leather":12,"gnumus:gnumus_pouch":1,"minecraft:tuff":9,"minecraft:oak_log":5,"minecraft:dirt":71,"minecraft:lantern":1,"gnumus:gnumus_pouch_2":2,"minecraft:leather_boots":1,"minecraft:bone":4,"gnumus:gnumus_horn":1,"minecraft:wheat_seeds":18,"minecraft:raw_gold":6,"minecraft:bamboo":3,"patchouli:guide_book":1,"minecraft:jungle_planks":33,"gnumus:gnumus_cheese":2,"minecraft:mossy_cobblestone":3,"minecraft:leather_helmet":3,"minecraft:snort_pottery_sherd":2,"minecraft:angler_pottery_sherd":2,"minecraft:spruce_sign":2,"minecraft:bread":31,"darkestsouls:small_soul_fragment":6,"minecraft:oak_sapling":1,"minecraft:coal":2,"iceandfire:raw_silver":5,"minecraft:diamond_pickaxe":1},"minecraft:killed_by":{"darkestsouls:skeleton_spear":2,"iceandfire:ice_dragon":1,"minecraft:skeleton":1,"minecraft:zombie":1},"minecraft:custom":{"minecraft:mob_kills":16,"minecraft:interact_with_crafting_table":12,"minecraft:open_barrel":2,"minecraft:leave_game":1,"minecraft:time_since_death":10122,"minecraft:climb_one_cm":7766,"minecraft:sprint_one_cm":535947,"minecraft:walk_one_cm":202045,"minecraft:drop":62,"minecraft:play_time":132396,"minecraft:deaths":7,"minecraft:sneak_time":1297,"minecraft:walk_under_water_one_cm":6202,"minecraft:interact_with_lectern":1,"minecraft:jump":1886,"minecraft:walk_on_water_one_cm":46082,"minecraft:total_world_time":132396,"spartanshields:shield_bash_hits":1,"minecraft:sleep_in_bed":2,"minecraft:time_since_rest":7723,"minecraft:damage_taken":3121,"minecraft:damage_dealt":2325,"minecraft:swim_one_cm":27277,"minecraft:fly_one_cm":274501,"minecraft:open_chest":27,"minecraft:crouch_one_cm":3012,"tombstone:undead_killed":1,"minecraft:interact_with_smoker":3,"minecraft:fall_one_cm":53179},"minecraft:crafted":{"minecraft:wooden_sword":2,"minecraft:oak_planks":20,"minecraft:birch_wood":3,"minecraft:leather_leggings":1,"minecraft:furnace":1,"minecraft:stone_pickaxe":1,"minecraft:crafting_table":4,"minecraft:wooden_pickaxe":2,"minecraft:birch_planks":16,"minecraft:jungle_planks":64,"minecraft:stick":36,"minecraft:wooden_axe":1,"minecraft:torch":8},"minecraft:killed":{"gnumus:gnumus_worker":4,"darkestsouls:hollow_longsword":1,"gnumus:gnumus_hunter_not_dispawn":2,"enemyexpansion:huntsman":1,"orcz:snot":1,"minecraft:cow":7},"minecraft:dropped":{"minecraft:bread":2,"minecraft:spruce_sign":1,"minecraft:birch_planks":12,"minecraft:porkchop":4,"minecraft:wheat_seeds":18,"spartanweaponry:iron_boomerang":1,"minecraft:mossy_cobblestone":2,"minecraft:bookshelf":3,"minecraft:feather":1,"minecraft:cobblestone":23,"minecraft:leather":8,"minecraft:jungle_planks":24,"minecraft:leather_helmet":3,"minecraft:stick":1,"minecraft:dirt":27,"gnumus:gnumus_claw":2,"tombstone:grave_key":5,"minecraft:wooden_sword":1,"minecraft:bamboo_slab":1,"minecraft:string":1,"minecraft:bone":4,"minecraft:coarse_dirt":1,"minecraft:raw_copper":1,"minecraft:tuff":9,"minecraft:wheat":1,"minecraft:stone_slab":1,"minecraft:carrot":3,"patchouli:guide_book":2,"gnumus:gnumus_doubloons":14,"minecraft:leather_chestplate":1,"minecraft:hay_block":1,"minecraft:leather_boots":2,"gnumus:gnumus_horn":1,"minecraft:leather_leggings":2,"minecraft:bamboo":3,"gnumus:gnumus_cheese":2,"minecraft:wooden_pickaxe":3},"minecraft:mined":{"minecraft:tuff":12,"iceandfire:silver_ore":3,"minecraft:mossy_cobblestone":1,"minecraft:cave_vines_plant":2,"iceandfire:frozen_stone":2,"minecraft:grass_block":11,"minecraft:decorated_pot":1,"minecraft:jungle_log":16,"minecraft:large_fern":1,"minecraft:hay_block":2,"minecraft:cave_vines":1,"minecraft:vine":5,"minecraft:bamboo":1,"minecraft:stone":48,"minecraft:orange_bed":3,"minecraft:red_bed":1,"minecraft:crafting_table":4,"minecraft:cobblestone":2,"minecraft:tall_grass":17,"minecraft:copper_ore":6,"minecraft:wall_torch":1,"minecraft:birch_log":5,"minecraft:grass":64,"minecraft:oak_log":5,"minecraft:dirt":10,"minecraft:cobweb":1,"minecraft:oak_leaves":16,"minecraft:fern":9},"minecraft:used":{"minecraft:iron_sword":85,"minecraft:iron_chestplate":1,"minecraft:orange_bed":3,"minecraft:torch":1,"minecraft:dirt":22,"iceandfire:frozen_stone":1,"minecraft:wooden_axe":2,"minecraft:lantern":1,"minecraft:hay_block":1,"tombstone:gift":1,"minecraft:leather_leggings":1,"spartanweaponry:iron_lance":113,"minecraft:stone_pickaxe":15,"minecraft:wooden_pickaxe":40,"minecraft:leather_chestplate":1,"spartanweaponry:iron_boomerang":9,"minecraft:leather_boots":1,"minecraft:crafting_table":6,"minecraft:red_bed":1,"minecraft:redstone_torch":1,"minecraft:diamond_pickaxe":29,"minecraft:bread":30,"minecraft:leather_helmet":1,"minecraft:wooden_sword":28,"minecraft:cobblestone":36,"minecraft:sea_pickle":2}},"DataVersion":3465}