{"stats":{"minecraft:picked_up":{"minecraft:iron_chestplate":1,"minecraft:crafting_table":3,"minecraft:raw_gold_block":2,"minecraft:jungle_log":16,"minecraft:leather":4,"minecraft:wooden_pickaxe":2,"minecraft:jungle_planks":24,"spartanweaponry:iron_lance":1,"minecraft:tuff":9,"minecraft:oak_log":5,"minecraft:mossy_cobblestone":1,"minecraft:dirt":7,"minecraft:raw_copper":22,"minecraft:wheat_seeds":5,"minecraft:raw_gold":6,"minecraft:beef":6,"minecraft:bamboo":3,"minecraft:glow_berries":1,"iceandfire:raw_silver":3,"minecraft:cobblestone":22},"minecraft:killed_by":{"minecraft:skeleton":1,"darkestsouls:skeleton_spear":2},"minecraft:custom":{"minecraft:time_since_rest":9861,"minecraft:sprint_one_cm":49638,"minecraft:damage_taken":842,"minecraft:walk_one_cm":58669,"minecraft:mob_kills":3,"minecraft:drop":6,"minecraft:damage_dealt":372,"minecraft:interact_with_crafting_table":6,"minecraft:fly_one_cm":20531,"minecraft:crouch_one_cm":204,"minecraft:play_time":36396,"minecraft:deaths":3,"minecraft:sneak_time":57,"minecraft:walk_under_water_one_cm":652,"minecraft:jump":336,"minecraft:leave_game":1,"minecraft:walk_on_water_one_cm":2465,"minecraft:time_since_death":11845,"minecraft:climb_one_cm":5600,"minecraft:total_world_time":36396,"minecraft:fall_one_cm":6865},"minecraft:crafted":{"minecraft:wooden_sword":2,"minecraft:oak_planks":20,"minecraft:crafting_table":3,"minecraft:stick":16,"minecraft:wooden_pickaxe":2,"minecraft:stone_pickaxe":1,"minecraft:wooden_axe":1,"minecraft:furnace":1,"minecraft:jungle_planks":64},"minecraft:killed":{"minecraft:cow":3},"minecraft:dropped":{"minecraft:wheat_seeds":1,"tombstone:grave_key":1,"minecraft:jungle_planks":24,"minecraft:wooden_pickaxe":2,"patchouli:guide_book":1},"minecraft:mined":{"minecraft:tuff":12,"iceandfire:silver_ore":3,"minecraft:mossy_cobblestone":1,"minecraft:cave_vines_plant":2,"minecraft:crafting_table":3,"minecraft:grass":22,"minecraft:oak_log":5,"minecraft:grass_block":4,"minecraft:cave_vines":1,"minecraft:vine":5,"minecraft:jungle_log":16,"minecraft:dirt":3,"minecraft:tall_grass":2,"minecraft:copper_ore":6,"minecraft:cobblestone":2,"minecraft:bamboo":1,"minecraft:stone":20,"minecraft:oak_leaves":6,"minecraft:fern":7},"minecraft:used":{"minecraft:wooden_axe":2,"spartanweaponry:iron_lance":1,"minecraft:stone_pickaxe":15,"minecraft:wooden_pickaxe":37,"minecraft:iron_chestplate":1,"minecraft:wooden_sword":26,"minecraft:dirt":5,"minecraft:crafting_table":4}},"DataVersion":3465}