{"stats":{"minecraft:picked_up":{"minecraft:birch_log":5,"minecraft:shelter_pottery_sherd":2,"minecraft:coarse_dirt":2,"minecraft:crafting_table":4,"minecraft:iron_chestplate":2,"minecraft:wheat":1,"minecraft:leather_leggings":1,"minecraft:clay_ball":8,"minecraft:jungle_log":16,"minecraft:leather":10,"minecraft:stone_slab":2,"minecraft:wooden_pickaxe":2,"spartanweaponry:iron_lance":1,"minecraft:tuff":9,"minecraft:oak_log":5,"tombstone:grave_key":2,"minecraft:red_bed":1,"minecraft:dirt":55,"minecraft:lantern":1,"minecraft:raw_copper":22,"minecraft:iron_leggings":1,"minecraft:sea_pickle":4,"minecraft:wheat_seeds":13,"minecraft:raw_gold":6,"minecraft:beef":13,"unusualprehistory:plant_fossil_item":16,"minecraft:iron_nugget":2,"minecraft:bamboo":3,"minecraft:sheaf_pottery_sherd":2,"minecraft:raw_gold_block":2,"patchouli:guide_book":1,"minecraft:torch":8,"minecraft:bamboo_slab":2,"minecraft:jungle_planks":33,"minecraft:mossy_cobblestone":2,"minecraft:orange_bed":3,"minecraft:arrow":18,"minecraft:snort_pottery_sherd":2,"minecraft:angler_pottery_sherd":2,"minecraft:hay_block":2,"minecraft:spruce_sign":2,"minecraft:bread":31,"darkestsouls:small_soul_fragment":6,"minecraft:oak_sapling":1,"minecraft:glow_berries":1,"iceandfire:raw_silver":5,"minecraft:cobblestone":65,"minecraft:diamond_pickaxe":1},"minecraft:killed_by":{"minecraft:skeleton":1,"minecraft:zombie":1,"darkestsouls:skeleton_spear":2},"minecraft:custom":{"minecraft:mob_kills":9,"minecraft:interact_with_crafting_table":12,"minecraft:leave_game":1,"minecraft:time_since_death":32305,"minecraft:sleep_in_bed":2,"minecraft:climb_one_cm":7667,"minecraft:time_since_rest":8150,"minecraft:sprint_one_cm":328924,"minecraft:damage_taken":1811,"minecraft:walk_one_cm":135049,"minecraft:drop":35,"minecraft:damage_dealt":1014,"minecraft:swim_one_cm":24216,"minecraft:fly_one_cm":150982,"minecraft:open_chest":19,"minecraft:crouch_one_cm":1279,"minecraft:play_time":84396,"minecraft:deaths":5,"minecraft:sneak_time":583,"minecraft:walk_under_water_one_cm":2766,"minecraft:interact_with_lectern":1,"minecraft:jump":1173,"minecraft:walk_on_water_one_cm":24058,"minecraft:interact_with_smoker":3,"minecraft:total_world_time":84396,"minecraft:fall_one_cm":30444},"minecraft:crafted":{"minecraft:wooden_sword":2,"minecraft:oak_planks":20,"minecraft:birch_wood":3,"minecraft:leather_leggings":1,"minecraft:crafting_table":4,"minecraft:wooden_pickaxe":2,"minecraft:furnace":1,"minecraft:birch_planks":16,"minecraft:jungle_planks":64,"minecraft:stick":36,"minecraft:stone_pickaxe":1,"minecraft:wooden_axe":1,"minecraft:torch":8},"minecraft:killed":{"orcz:snot":1,"darkestsouls:hollow_longsword":1,"minecraft:cow":7},"minecraft:dropped":{"minecraft:spruce_sign":1,"minecraft:porkchop":4,"minecraft:birch_planks":12,"minecraft:wheat_seeds":12,"minecraft:coarse_dirt":1,"minecraft:mossy_cobblestone":1,"minecraft:bookshelf":3,"minecraft:tuff":9,"minecraft:wheat":1,"minecraft:feather":1,"minecraft:cobblestone":22,"minecraft:stone_slab":1,"minecraft:jungle_planks":24,"patchouli:guide_book":2,"minecraft:stick":1,"minecraft:leather_chestplate":1,"minecraft:dirt":24,"minecraft:hay_block":1,"tombstone:grave_key":5,"minecraft:leather_leggings":1,"minecraft:wooden_sword":1,"minecraft:bamboo":3,"minecraft:wooden_pickaxe":3,"minecraft:bamboo_slab":1},"minecraft:mined":{"minecraft:tuff":12,"iceandfire:silver_ore":3,"minecraft:red_bed":1,"minecraft:mossy_cobblestone":1,"minecraft:crafting_table":4,"minecraft:cave_vines_plant":2,"minecraft:grass_block":4,"minecraft:decorated_pot":1,"minecraft:jungle_log":16,"minecraft:copper_ore":6,"minecraft:tall_grass":4,"minecraft:cobblestone":2,"minecraft:wall_torch":1,"minecraft:hay_block":2,"minecraft:birch_log":5,"minecraft:grass":31,"minecraft:oak_log":5,"minecraft:cave_vines":1,"minecraft:vine":5,"minecraft:dirt":10,"minecraft:bamboo":1,"minecraft:stone":21,"minecraft:oak_leaves":16,"minecraft:orange_bed":3,"minecraft:fern":8},"minecraft:used":{"minecraft:leather_leggings":1,"spartanweaponry:iron_lance":4,"minecraft:stone_pickaxe":15,"minecraft:leather_chestplate":1,"minecraft:wooden_pickaxe":40,"minecraft:iron_sword":40,"spartanweaponry:iron_boomerang":9,"minecraft:leather_boots":1,"minecraft:iron_chestplate":1,"minecraft:orange_bed":3,"minecraft:torch":1,"minecraft:dirt":6,"minecraft:crafting_table":6,"minecraft:red_bed":1,"minecraft:redstone_torch":1,"minecraft:wooden_axe":2,"minecraft:lantern":1,"minecraft:bread":17,"minecraft:leather_helmet":1,"minecraft:wooden_sword":28,"minecraft:hay_block":1,"tombstone:gift":1,"minecraft:sea_pickle":2}},"DataVersion":3465}