{"stats":{"minecraft:picked_up":{"minecraft:crafting_table":2,"minecraft:jungle_log":12,"minecraft:wooden_pickaxe":2,"minecraft:jungle_planks":24,"minecraft:dirt":2,"minecraft:raw_copper":22,"minecraft:glow_berries":1,"iceandfire:raw_silver":3,"minecraft:cobblestone":20},"minecraft:killed_by":{"minecraft:skeleton":1,"darkestsouls:skeleton_spear":2},"minecraft:custom":{"minecraft:time_since_rest":3162,"minecraft:sprint_one_cm":13962,"minecraft:damage_taken":785,"minecraft:walk_one_cm":31409,"minecraft:drop":4,"minecraft:damage_dealt":63,"minecraft:interact_with_crafting_table":4,"minecraft:fly_one_cm":6317,"minecraft:crouch_one_cm":204,"minecraft:play_time":24396,"minecraft:deaths":3,"minecraft:sneak_time":55,"minecraft:walk_under_water_one_cm":652,"minecraft:jump":159,"minecraft:leave_game":1,"minecraft:walk_on_water_one_cm":1215,"minecraft:time_since_death":0,"minecraft:climb_one_cm":2873,"minecraft:total_world_time":24396,"minecraft:fall_one_cm":3332},"minecraft:crafted":{"minecraft:wooden_sword":1,"minecraft:crafting_table":1,"minecraft:stick":12,"minecraft:wooden_pickaxe":1,"minecraft:stone_pickaxe":1,"minecraft:wooden_axe":1,"minecraft:furnace":1,"minecraft:jungle_planks":48},"minecraft:dropped":{"minecraft:jungle_planks":24,"minecraft:wooden_pickaxe":2,"patchouli:guide_book":1},"minecraft:mined":{"iceandfire:silver_ore":3,"minecraft:cave_vines_plant":2,"minecraft:crafting_table":2,"minecraft:grass_block":1,"minecraft:cave_vines":1,"minecraft:vine":2,"minecraft:jungle_log":12,"minecraft:dirt":1,"minecraft:tall_grass":1,"minecraft:copper_ore":6,"minecraft:stone":20,"minecraft:oak_leaves":3},"minecraft:used":{"minecraft:wooden_axe":2,"minecraft:stone_pickaxe":15,"minecraft:wooden_pickaxe":21,"minecraft:dirt":2,"minecraft:crafting_table":2}},"DataVersion":3465}