{"stats":{"minecraft:picked_up":{"gnumus:gnumus_doubloons":5,"minecraft:birch_log":5,"minecraft:shelter_pottery_sherd":2,"minecraft:coarse_dirt":2,"minecraft:crafting_table":4,"minecraft:iron_chestplate":2,"minecraft:wheat":1,"gnumus:gnumus_claw":2,"minecraft:leather_leggings":1,"minecraft:clay_ball":8,"minecraft:jungle_log":16,"minecraft:leather":12,"minecraft:stone_slab":2,"minecraft:wooden_pickaxe":2,"gnumus:gnumus_pouch":1,"spartanweaponry:iron_lance":1,"minecraft:tuff":9,"minecraft:oak_log":5,"tombstone:grave_key":2,"minecraft:string":1,"minecraft:red_bed":1,"minecraft:dirt":55,"minecraft:lantern":1,"gnumus:gnumus_pouch_2":2,"minecraft:raw_copper":23,"minecraft:iron_leggings":1,"gnumus:gnumus_horn":1,"minecraft:sea_pickle":4,"minecraft:wheat_seeds":15,"minecraft:raw_gold":6,"minecraft:beef":13,"unusualprehistory:plant_fossil_item":16,"minecraft:iron_nugget":2,"minecraft:bamboo":3,"minecraft:raw_iron":1,"minecraft:sheaf_pottery_sherd":2,"minecraft:raw_gold_block":2,"patchouli:guide_book":1,"minecraft:torch":8,"minecraft:bamboo_slab":2,"minecraft:jungle_planks":33,"gnumus:gnumus_cheese":2,"minecraft:carrot":2,"minecraft:mossy_cobblestone":3,"minecraft:orange_bed":3,"minecraft:arrow":18,"minecraft:snort_pottery_sherd":2,"minecraft:angler_pottery_sherd":2,"minecraft:hay_block":2,"minecraft:spruce_sign":2,"minecraft:bread":31,"darkestsouls:small_soul_fragment":6,"minecraft:oak_sapling":1,"minecraft:glow_berries":1,"minecraft:coal":2,"iceandfire:raw_silver":5,"minecraft:cobblestone":71,"minecraft:diamond_pickaxe":1},"minecraft:killed_by":{"minecraft:skeleton":1,"minecraft:zombie":1,"darkestsouls:skeleton_spear":2},"minecraft:custom":{"minecraft:mob_kills":15,"minecraft:open_barrel":2,"minecraft:interact_with_crafting_table":12,"minecraft:leave_game":1,"minecraft:time_since_death":56305,"minecraft:sleep_in_bed":2,"minecraft:climb_one_cm":7667,"minecraft:time_since_rest":32150,"minecraft:sprint_one_cm":392524,"minecraft:damage_taken":2110,"minecraft:walk_one_cm":160390,"minecraft:drop":47,"minecraft:damage_dealt":2043,"minecraft:swim_one_cm":26694,"minecraft:fly_one_cm":174203,"minecraft:open_chest":25,"minecraft:crouch_one_cm":1628,"minecraft:play_time":108396,"minecraft:deaths":5,"minecraft:sneak_time":775,"minecraft:walk_under_water_one_cm":4614,"minecraft:interact_with_lectern":1,"minecraft:jump":1324,"minecraft:walk_on_water_one_cm":26159,"minecraft:interact_with_smoker":3,"minecraft:total_world_time":108396,"minecraft:fall_one_cm":34623},"minecraft:crafted":{"minecraft:wooden_sword":2,"minecraft:oak_planks":20,"minecraft:birch_wood":3,"minecraft:leather_leggings":1,"minecraft:crafting_table":4,"minecraft:wooden_pickaxe":2,"minecraft:furnace":1,"minecraft:birch_planks":16,"minecraft:jungle_planks":64,"minecraft:stick":36,"minecraft:stone_pickaxe":1,"minecraft:wooden_axe":1,"minecraft:torch":8},"minecraft:killed":{"gnumus:gnumus_hunter_not_dispawn":2,"gnumus:gnumus_worker":4,"orcz:snot":1,"darkestsouls:hollow_longsword":1,"minecraft:cow":7},"minecraft:dropped":{"minecraft:spruce_sign":1,"minecraft:porkchop":4,"minecraft:birch_planks":12,"minecraft:wheat_seeds":15,"minecraft:coarse_dirt":1,"minecraft:raw_copper":1,"minecraft:mossy_cobblestone":2,"minecraft:bookshelf":3,"minecraft:tuff":9,"minecraft:wheat":1,"minecraft:feather":1,"minecraft:cobblestone":23,"minecraft:leather":8,"minecraft:stone_slab":1,"minecraft:jungle_planks":24,"minecraft:carrot":1,"patchouli:guide_book":2,"minecraft:stick":1,"minecraft:leather_chestplate":1,"minecraft:dirt":24,"minecraft:hay_block":1,"gnumus:gnumus_claw":2,"tombstone:grave_key":5,"gnumus:gnumus_horn":1,"minecraft:leather_leggings":2,"minecraft:wooden_sword":1,"minecraft:bamboo":3,"gnumus:gnumus_cheese":2,"minecraft:wooden_pickaxe":3,"minecraft:string":1,"minecraft:bamboo_slab":1},"minecraft:mined":{"minecraft:tuff":12,"iceandfire:silver_ore":3,"minecraft:red_bed":1,"minecraft:mossy_cobblestone":1,"minecraft:crafting_table":4,"minecraft:cave_vines_plant":2,"minecraft:grass_block":4,"minecraft:decorated_pot":1,"minecraft:jungle_log":16,"minecraft:copper_ore":6,"minecraft:tall_grass":16,"minecraft:cobblestone":2,"minecraft:wall_torch":1,"minecraft:hay_block":2,"minecraft:birch_log":5,"minecraft:grass":57,"minecraft:oak_log":5,"minecraft:cave_vines":1,"minecraft:vine":5,"minecraft:dirt":10,"minecraft:cobweb":1,"minecraft:bamboo":1,"minecraft:stone":29,"minecraft:oak_leaves":16,"minecraft:orange_bed":3,"minecraft:fern":8},"minecraft:used":{"minecraft:leather_leggings":1,"spartanweaponry:iron_lance":90,"minecraft:stone_pickaxe":15,"minecraft:leather_chestplate":1,"minecraft:wooden_pickaxe":40,"minecraft:iron_sword":85,"spartanweaponry:iron_boomerang":9,"minecraft:leather_boots":1,"minecraft:iron_chestplate":1,"minecraft:orange_bed":3,"minecraft:torch":1,"minecraft:dirt":6,"minecraft:crafting_table":6,"minecraft:red_bed":1,"minecraft:redstone_torch":1,"minecraft:wooden_axe":2,"minecraft:diamond_pickaxe":9,"minecraft:lantern":1,"minecraft:bread":22,"minecraft:leather_helmet":1,"minecraft:wooden_sword":28,"minecraft:cobblestone":6,"minecraft:hay_block":1,"tombstone:gift":1,"minecraft:sea_pickle":2}},"DataVersion":3465}