{"stats":{"minecraft:picked_up":{"minecraft:jungle_log":3,"minecraft:dark_oak_planks":17,"minecraft:lantern":1,"minecraft:rotten_flesh":4,"minecraft:coal_block":2,"minecraft:dark_oak_fence":1,"minecraft:dark_oak_stairs":1},"minecraft:killed_by":{"minecraft:vindicator":1,"minecraft:zombie":1},"minecraft:custom":{"minecraft:time_since_rest":1823,"minecraft:sprint_one_cm":14915,"minecraft:damage_taken":819,"minecraft:walk_one_cm":22613,"minecraft:mob_kills":5,"tombstone:raider_killed":1,"minecraft:damage_dealt":1036,"minecraft:swim_one_cm":14369,"minecraft:interact_with_crafting_table":2,"minecraft:fly_one_cm":21647,"minecraft:open_barrel":12,"minecraft:open_chest":9,"minecraft:crouch_one_cm":4035,"minecraft:play_time":13679,"tombstone:undead_killed":3,"minecraft:deaths":2,"minecraft:sneak_time":1204,"minecraft:walk_under_water_one_cm":628,"minecraft:jump":131,"minecraft:leave_game":1,"minecraft:walk_on_water_one_cm":3961,"minecraft:time_since_death":2843,"minecraft:climb_one_cm":4796,"minecraft:total_world_time":13679,"minecraft:fall_one_cm":1715},"minecraft:crafted":{"minecraft:iron_axe":1,"minecraft:crafting_table":1,"minecraft:stick":4,"minecraft:iron_pickaxe":1,"minecraft:jungle_planks":12},"minecraft:killed":{"minecraft:pillager":1,"minecraft:parrot":1,"minecraft:zombie":3},"minecraft:mined":{"minecraft:dark_oak_planks":17,"minecraft:dark_oak_stairs":2,"minecraft:dark_oak_fence":1,"minecraft:grass":1,"minecraft:jungle_planks":1,"minecraft:vine":2,"minecraft:jungle_log":3,"minecraft:coal_block":2,"minecraft:fern":1,"minecraft:spawner":2},"minecraft:used":{"minecraft:dark_oak_planks":3,"minecraft:iron_axe":21,"minecraft:iron_pickaxe":4,"minecraft:iron_sword":60,"minecraft:crafting_table":1}},"DataVersion":3465}