{"stats":{"minecraft:picked_up":{"minecraft:jungle_log":3,"minecraft:birch_planks":1,"minecraft:jungle_planks":5,"minecraft:gunpowder":2,"minecraft:dirt":1,"minecraft:dark_oak_planks":20,"minecraft:lantern":1,"minecraft:rotten_flesh":6,"minecraft:gold_nugget":4,"minecraft:emerald":1,"minecraft:iron_pickaxe":1,"minecraft:gray_bed":1,"minecraft:coal_block":2,"minecraft:dark_oak_fence":1,"minecraft:iron_bars":1,"minecraft:dark_oak_stairs":1},"minecraft:killed_by":{"minecraft:vindicator":4,"minecraft:zombie":1,"minecraft:pillager":1},"minecraft:custom":{"minecraft:time_since_rest":8872,"minecraft:sprint_one_cm":58371,"minecraft:damage_taken":2018,"minecraft:walk_one_cm":59488,"minecraft:mob_kills":10,"minecraft:drop":1,"tombstone:raider_killed":3,"minecraft:damage_dealt":1223,"minecraft:swim_one_cm":14369,"minecraft:interact_with_crafting_table":6,"minecraft:fly_one_cm":36880,"minecraft:open_barrel":71,"minecraft:open_chest":16,"minecraft:crouch_one_cm":6981,"minecraft:play_time":28020,"tombstone:undead_killed":5,"minecraft:deaths":6,"minecraft:sneak_time":1735,"minecraft:walk_under_water_one_cm":628,"minecraft:jump":261,"minecraft:leave_game":2,"minecraft:walk_on_water_one_cm":3982,"minecraft:time_since_death":9293,"minecraft:climb_one_cm":4796,"minecraft:total_world_time":28020,"minecraft:inspect_dispenser":1,"minecraft:fall_one_cm":2346},"minecraft:crafted":{"minecraft:coal":18,"spartanweaponry:pole":1,"minecraft:iron_axe":1,"minecraft:crafting_table":2,"minecraft:stick":4,"minecraft:iron_block":7,"minecraft:iron_pickaxe":1,"minecraft:gold_ingot":6,"minecraft:dark_oak_planks":56,"spartanweaponry:iron_javelin":1,"minecraft:jungle_planks":12},"minecraft:killed":{"minecraft:pillager":1,"minecraft:parrot":2,"minecraft:zombie":5,"minecraft:vindicator":2},"minecraft:dropped":{"minecraft:iron_pickaxe":1},"minecraft:mined":{"minecraft:dark_oak_planks":20,"minecraft:birch_planks":1,"minecraft:gray_bed":1,"minecraft:dark_oak_stairs":2,"minecraft:dark_oak_fence":1,"minecraft:grass":1,"minecraft:jungle_planks":6,"minecraft:vine":2,"minecraft:jungle_log":3,"minecraft:iron_bars":1,"minecraft:dirt":1,"minecraft:coal_block":2,"minecraft:fern":1,"minecraft:spawner":7},"minecraft:used":{"minecraft:dark_oak_planks":8,"minecraft:iron_axe":31,"minecraft:iron_pickaxe":10,"minecraft:iron_sword":63,"minecraft:rotten_flesh":1,"spartanweaponry:iron_javelin":28,"minecraft:crafting_table":2,"minecraft:jungle_planks":1,"minecraft:gray_bed":1,"tombstone:gift":2}},"DataVersion":3465}