{"stats":{"minecraft:picked_up":{"minecraft:crafting_table":2,"minecraft:birch_slab":1,"minecraft:jungle_log":19,"minecraft:leather":1,"minecraft:lead":1,"minecraft:diamond_sword":1,"minecraft:birch_planks":47,"minecraft:flint":4,"minecraft:gunpowder":10,"minecraft:dirt":3,"tombstone:gift":1,"minecraft:smooth_stone_slab":1,"minecraft:acacia_planks":1,"minecraft:wheat_seeds":1,"minecraft:spruce_planks":3,"minecraft:iron_ingot":4,"minecraft:melon_slice":6,"minecraft:chest":1,"minecraft:dark_oak_stairs":2,"minecraft:book":86,"minecraft:stick":4,"patchouli:guide_book":1,"minecraft:porkchop":6,"minecraft:birch_stairs":3,"minecraft:jungle_planks":6,"minecraft:dark_oak_planks":15,"minecraft:barrel":2,"minecraft:cauldron":1,"minecraft:rotten_flesh":3,"gnumus:gnumus_clay":5,"minecraft:hay_block":7,"minecraft:emerald":2,"minecraft:polished_blackstone":4,"tombstone:magic_scroll":1,"minecraft:coal":3,"minecraft:iron_bars":1,"minecraft:cobblestone":55},"minecraft:custom":{"minecraft:mob_kills":14,"tombstone:raider_killed":8,"minecraft:interact_with_crafting_table":7,"minecraft:open_barrel":16,"minecraft:leave_game":3,"minecraft:time_since_death":31685,"minecraft:sleep_in_bed":3,"minecraft:climb_one_cm":14526,"minecraft:time_since_rest":1018,"minecraft:waystone_activated":1,"minecraft:sprint_one_cm":147249,"minecraft:damage_taken":3511,"minecraft:walk_one_cm":158963,"minecraft:drop":16,"minecraft:damage_dealt":3599,"minecraft:swim_one_cm":50640,"minecraft:player_kills":1,"minecraft:fly_one_cm":188013,"minecraft:open_chest":37,"minecraft:crouch_one_cm":14058,"minecraft:play_time":82926,"tombstone:undead_killed":4,"minecraft:deaths":10,"minecraft:sneak_time":5602,"minecraft:walk_under_water_one_cm":1979,"minecraft:jump":843,"minecraft:interact_with_smoker":1,"minecraft:walk_on_water_one_cm":20853,"minecraft:total_world_time":82926,"minecraft:fall_one_cm":18241,"minecraft:inspect_dispenser":2},"minecraft:killed_by":{"minecraft:vindicator":1,"enemyexpansion:sprinter":1,"minecraft:zombie":2,"minecraft:pillager":5,"darkestsouls:hollow_axe":1},"minecraft:crafted":{"minecraft:wooden_sword":1,"minecraft:diamond_sword":1,"minecraft:diamond_axe":1,"minecraft:crafting_table":3,"minecraft:wooden_pickaxe":1,"minecraft:jungle_planks":76,"minecraft:iron_boots":1,"minecraft:diamond_pickaxe":1,"minecraft:stick":12,"minecraft:wooden_axe":1,"minecraft:stone_sword":1,"minecraft:iron_leggings":1,"minecraft:torch":8},"minecraft:killed":{"darkestsouls:hollow_axe":1,"minecraft:vindicator":6,"minecraft:pillager":2,"minecraft:zombie":4,"gnumus:gnumus_hunter":1},"minecraft:dropped":{"minecraft:porkchop":3,"minecraft:polished_blackstone":2,"patchouli:guide_book":2,"minecraft:diamond_sword":1,"gnumus:gnumus_clay":5,"minecraft:spruce_planks":3,"minecraft:chest":1,"minecraft:cooked_cod":1,"minecraft:barrel":1,"minecraft:wooden_pickaxe":1,"minecraft:birch_stairs":1},"minecraft:mined":{"minecraft:dark_oak_planks":17,"minecraft:podzol":3,"minecraft:light_blue_stained_glass_pane":1,"minecraft:birch_stairs":3,"minecraft:spruce_planks":3,"minecraft:jungle_leaves":8,"minecraft:spruce_door":2,"minecraft:crafting_table":2,"minecraft:cyan_stained_glass_pane":1,"minecraft:grass_block":5,"minecraft:melon":1,"minecraft:jungle_planks":6,"minecraft:chest":1,"minecraft:jungle_log":19,"minecraft:birch_slab":1,"minecraft:spawner":7,"minecraft:hay_block":7,"minecraft:birch_planks":47,"minecraft:fire":6,"minecraft:barrel":2,"minecraft:smooth_stone_slab":1,"minecraft:dark_oak_stairs":2,"minecraft:grass":2,"minecraft:bookshelf":38,"minecraft:water_cauldron":1,"minecraft:vine":7,"minecraft:iron_bars":1,"minecraft:dirt":12,"minecraft:acacia_planks":3,"minecraft:polished_blackstone":2,"minecraft:stone":52,"minecraft:oak_leaves":2},"minecraft:used":{"minecraft:iron_bars":1,"minecraft:stone_sword":18,"aquaculture:atlantic_herring":1,"minecraft:wooden_pickaxe":35,"minecraft:diamond_axe":123,"minecraft:rotten_flesh":2,"minecraft:torch":3,"minecraft:dirt":3,"minecraft:crafting_table":5,"minecraft:jungle_planks":54,"unusualprehistory:raw_stetha":1,"minecraft:dark_oak_planks":8,"minecraft:wooden_axe":19,"minecraft:diamond_pickaxe":30,"minecraft:bread":6,"minecraft:birch_slab":1,"minecraft:melon_slice":6,"aquaculture:gar":1,"minecraft:wooden_sword":29,"minecraft:diamond_sword":79,"minecraft:cobblestone":16,"tombstone:gift":1,"aquaculture:atlantic_cod":1,"minecraft:acacia_planks":1,"aquaculture:perch":1,"minecraft:birch_stairs":1}},"DataVersion":3465}