{"stats":{"minecraft:picked_up":{"minecraft:crafting_table":2,"minecraft:coarse_dirt":2,"minecraft:leather_leggings":1,"minecraft:chicken":1,"gnumus:gnumus_claw":5,"minecraft:diamond_sword":1,"minecraft:lead":1,"minecraft:gold_block":1,"minecraft:string":1,"minecraft:red_bed":2,"minecraft:moss_carpet":1,"minecraft:flint_and_steel":1,"minecraft:smooth_stone_slab":1,"minecraft:iron_leggings":1,"minecraft:spruce_planks":3,"minecraft:beef":9,"minecraft:melon_slice":6,"minecraft:chest":1,"minecraft:iron_boots":1,"minecraft:stick":4,"minecraft:torch":1,"minecraft:porkchop":8,"orcz:orchorn":1,"minecraft:cherry_log":15,"minecraft:cauldron":1,"minecraft:dark_oak_planks":15,"minecraft:rotten_flesh":8,"minecraft:hay_block":18,"minecraft:polished_blackstone":4,"minecraft:bone_block":4,"minecraft:iron_bars":1,"minecraft:cobblestone":153,"orcz:orcteeth":26,"minecraft:feather":2,"minecraft:jungle_log":19,"minecraft:birch_slab":1,"minecraft:andesite":1,"minecraft:leather":6,"spartanweaponry:iron_longsword":1,"gnumus:gnumus_pouch":6,"minecraft:birch_planks":76,"minecraft:flint":4,"minecraft:tuff":7,"minecraft:gunpowder":10,"minecraft:dirt":18,"tombstone:gift":1,"gnumus:gnumus_pouch_2":1,"minecraft:acacia_planks":1,"minecraft:wheat_seeds":6,"minecraft:iron_ingot":4,"minecraft:dark_oak_stairs":2,"minecraft:book":86,"patchouli:guide_book":1,"orcz:bone_1deco":1,"minecraft:jungle_planks":6,"minecraft:birch_stairs":3,"gnumus:gnumus_cheese":1,"minecraft:white_bed":1,"minecraft:spider_eye":1,"minecraft:barrel":2,"minecraft:diamond":1,"minecraft:soul_lantern":2,"gnumus:gnumus_clay":5,"minecraft:granite":1,"minecraft:cherry_sapling":4,"minecraft:spruce_sign":1,"minecraft:emerald":2,"orcz:ironscrap":12,"tombstone:magic_scroll":2,"minecraft:coal":3},"minecraft:killed_by":{"minecraft:pillager":5,"darkestsouls:hollow_axe":1,"minecraft:vindicator":1,"enemyexpansion:sprinter":1,"orcz:bigorcboss":1,"minecraft:zombie":2},"minecraft:custom":{"minecraft:mob_kills":51,"minecraft:interact_with_crafting_table":25,"minecraft:open_barrel":17,"minecraft:leave_game":3,"minecraft:time_since_death":34966,"minecraft:climb_one_cm":15160,"minecraft:sprint_one_cm":317839,"minecraft:walk_one_cm":352644,"minecraft:damage_blocked_by_shield":533,"minecraft:drop":37,"minecraft:play_time":154926,"minecraft:deaths":11,"minecraft:sneak_time":8182,"minecraft:walk_under_water_one_cm":2865,"minecraft:jump":2868,"minecraft:walk_on_water_one_cm":29523,"minecraft:total_world_time":154926,"tombstone:raider_killed":8,"minecraft:sleep_in_bed":4,"minecraft:time_since_rest":20168,"minecraft:waystone_activated":1,"minecraft:damage_taken":5844,"minecraft:damage_dealt":10574,"minecraft:swim_one_cm":92194,"minecraft:fly_one_cm":663686,"minecraft:player_kills":1,"minecraft:open_chest":94,"minecraft:crouch_one_cm":21170,"tombstone:undead_killed":7,"minecraft:interact_with_smoker":1,"minecraft:fall_one_cm":70956,"minecraft:inspect_dispenser":2},"minecraft:crafted":{"minecraft:cherry_planks":32,"minecraft:wooden_sword":1,"spartanshields:wooden_tower_shield":1,"minecraft:iron_boots":1,"minecraft:chest":2,"minecraft:wheat":63,"spartanshields:diamond_tower_shield":1,"minecraft:diamond_sword":2,"minecraft:diamond_axe":1,"minecraft:crafting_table":4,"minecraft:wooden_pickaxe":1,"minecraft:iron_helmet":1,"minecraft:bone":26,"minecraft:bread":21,"minecraft:jungle_planks":76,"minecraft:diamond_pickaxe":2,"minecraft:shield":2,"minecraft:stick":32,"minecraft:iron_ingot":8,"minecraft:wooden_axe":1,"minecraft:stone_sword":1,"minecraft:iron_leggings":2,"minecraft:torch":8},"minecraft:killed":{"darkestsouls:hollow_axe":1,"minecraft:spider":1,"minecraft:vindicator":6,"enemyexpansion:direwolf":2,"gnumus:gnumus_worker":3,"minecraft:chicken":1,"gnumus:gnumus_hunter":1,"darkestsouls:beast_patient":1,"orcz:orcsavagemace":1,"orcz:orcsavageweird":1,"gnumus:gnumus_hunter_not_dispawn":3,"minecraft:pig":1,"orcz:goblinsavagemace":2,"minecraft:pillager":2,"minecraft:zombie":7,"orcz:bigorcboss":1,"darkestsouls:cloaked_beast_patient":2,"enemyexpansion:botfly":5,"orcz:orcsavage_2sword":1,"orcz:snot":1,"orcz:orcshield":1,"minecraft:cow":3},"minecraft:dropped":{"minecraft:bread":31,"minecraft:birch_planks":23,"minecraft:porkchop":3,"minecraft:polished_blackstone":2,"minecraft:coal":3,"gnumus:gnumus_claw":5,"minecraft:torch":7,"minecraft:cooked_cod":1,"minecraft:iron_leggings":2,"minecraft:birch_stairs":1,"minecraft:bone":6,"minecraft:moss_carpet":1,"minecraft:coarse_dirt":2,"minecraft:tuff":7,"minecraft:rotten_flesh":1,"minecraft:iron_boots":2,"patchouli:guide_book":2,"minecraft:flint_and_steel":1,"minecraft:diamond_sword":1,"gnumus:gnumus_clay":5,"minecraft:spruce_planks":3,"minecraft:diamond_pickaxe":1,"minecraft:iron_chestplate":1,"minecraft:beetroot_seeds":4,"minecraft:chest":1,"minecraft:leather_leggings":1,"minecraft:barrel":1,"spartanweaponry:iron_lance":1,"minecraft:wooden_pickaxe":1},"minecraft:mined":{"minecraft:dark_oak_planks":17,"minecraft:light_blue_stained_glass_pane":1,"minecraft:tuff":4,"minecraft:spruce_planks":3,"minecraft:white_bed":1,"minecraft:mossy_cobblestone":3,"minecraft:cherry_log":18,"minecraft:jungle_leaves":8,"minecraft:granite":1,"minecraft:grass_block":6,"minecraft:decorated_pot":1,"minecraft:jungle_planks":6,"minecraft:jungle_log":19,"minecraft:birch_slab":1,"orcz:bone_1deco":1,"minecraft:spawner":7,"minecraft:hay_block":20,"minecraft:raw_gold_block":4,"minecraft:barrel":2,"minecraft:fire":12,"minecraft:andesite":1,"minecraft:moss_carpet":1,"minecraft:dark_oak_stairs":2,"minecraft:bookshelf":38,"minecraft:vine":7,"minecraft:water_cauldron":1,"minecraft:iron_bars":1,"gnumus:fragile_gnumus_jug":4,"minecraft:bone_block":4,"minecraft:stone":163,"orcz:scrapblock":3,"minecraft:podzol":3,"minecraft:birch_stairs":3,"minecraft:red_bed":2,"minecraft:soul_lantern":2,"minecraft:spruce_door":2,"minecraft:crafting_table":2,"minecraft:cyan_stained_glass_pane":1,"minecraft:melon":1,"minecraft:chest":1,"minecraft:andesite_wall":1,"minecraft:tall_grass":16,"minecraft:cobblestone":6,"minecraft:deepslate_gold_ore":3,"minecraft:wall_torch":1,"minecraft:pink_petals":1,"minecraft:birch_planks":53,"minecraft:coarse_dirt":2,"minecraft:cobblestone_wall":1,"minecraft:smooth_stone_slab":1,"minecraft:grass":23,"minecraft:cherry_leaves":1,"minecraft:dirt":29,"minecraft:acacia_planks":3,"minecraft:polished_blackstone":2,"minecraft:gold_ore":4,"minecraft:oak_leaves":2},"minecraft:used":{"minecraft:iron_bars":1,"minecraft:stone_sword":18,"minecraft:chest":2,"minecraft:shield":3,"minecraft:rotten_flesh":2,"minecraft:torch":9,"minecraft:dirt":4,"minecraft:jungle_planks":54,"unusualprehistory:raw_stetha":1,"minecraft:wooden_axe":19,"minecraft:dark_oak_planks":15,"minecraft:hay_block":3,"tombstone:gift":1,"minecraft:acacia_planks":1,"minecraft:iron_leggings":1,"minecraft:birch_planks":6,"aquaculture:atlantic_herring":1,"minecraft:wooden_pickaxe":35,"minecraft:cherry_planks":10,"minecraft:diamond_axe":150,"minecraft:crafting_table":6,"minecraft:red_bed":2,"minecraft:diamond_pickaxe":197,"minecraft:birch_slab":1,"minecraft:melon_slice":6,"minecraft:bread":51,"spartanshields:diamond_tower_shield":2,"aquaculture:gar":1,"minecraft:diamond_sword":259,"orcz:bone_1deco":3,"minecraft:wooden_sword":29,"minecraft:cobblestone":31,"aquaculture:atlantic_cod":1,"minecraft:diamond_leggings":2,"aquaculture:perch":1,"minecraft:birch_stairs":1}},"DataVersion":3465}