{"stats":{"minecraft:picked_up":{"minecraft:crafting_table":2,"minecraft:jungle_log":19,"minecraft:melon_slice":6},"minecraft:killed_by":{"enemyexpansion:sprinter":1},"minecraft:custom":{"minecraft:time_since_rest":886,"minecraft:deaths":1,"minecraft:sprint_one_cm":12805,"minecraft:crouch_one_cm":2033,"minecraft:play_time":16926,"tombstone:undead_killed":1,"minecraft:damage_taken":264,"minecraft:walk_one_cm":10243,"minecraft:sneak_time":1089,"minecraft:walk_under_water_one_cm":203,"minecraft:mob_kills":1,"minecraft:jump":71,"minecraft:damage_dealt":407,"minecraft:walk_on_water_one_cm":783,"minecraft:leave_game":3,"minecraft:time_since_death":1015,"minecraft:total_world_time":16926,"minecraft:climb_one_cm":586,"minecraft:swim_one_cm":4208,"minecraft:player_kills":1,"minecraft:fall_one_cm":1507,"minecraft:interact_with_crafting_table":3,"minecraft:fly_one_cm":14476},"minecraft:crafted":{"minecraft:wooden_sword":1,"minecraft:crafting_table":1,"minecraft:stick":8,"minecraft:wooden_pickaxe":1,"minecraft:jungle_planks":36,"minecraft:wooden_axe":1},"minecraft:killed":{"minecraft:zombie":1},"minecraft:mined":{"minecraft:melon":1,"minecraft:vine":7,"minecraft:jungle_log":19,"minecraft:jungle_leaves":8,"minecraft:crafting_table":2},"minecraft:used":{"minecraft:wooden_axe":11,"minecraft:wooden_sword":12,"minecraft:crafting_table":2,"minecraft:melon_slice":3,"tombstone:gift":1,"minecraft:wooden_pickaxe":1}},"DataVersion":3465}