{"stats":{"minecraft:picked_up":{"minecraft:crafting_table":2,"minecraft:andesite":1,"minecraft:birch_slab":1,"minecraft:jungle_log":19,"minecraft:leather":1,"minecraft:lead":1,"minecraft:diamond_sword":1,"minecraft:birch_planks":47,"minecraft:flint":4,"minecraft:tuff":7,"minecraft:gunpowder":10,"minecraft:moss_carpet":1,"minecraft:dirt":3,"tombstone:gift":1,"minecraft:smooth_stone_slab":1,"minecraft:acacia_planks":1,"minecraft:wheat_seeds":1,"minecraft:spruce_planks":3,"minecraft:iron_ingot":4,"minecraft:melon_slice":6,"minecraft:chest":1,"minecraft:dark_oak_stairs":2,"minecraft:book":86,"minecraft:stick":4,"patchouli:guide_book":1,"minecraft:porkchop":6,"minecraft:birch_stairs":3,"minecraft:jungle_planks":6,"gnumus:gnumus_cheese":1,"minecraft:cherry_log":15,"minecraft:dark_oak_planks":15,"minecraft:barrel":2,"minecraft:cauldron":1,"minecraft:rotten_flesh":3,"gnumus:gnumus_clay":5,"minecraft:hay_block":10,"minecraft:cherry_sapling":4,"minecraft:emerald":2,"minecraft:polished_blackstone":4,"tombstone:magic_scroll":1,"minecraft:coal":3,"minecraft:iron_bars":1,"minecraft:cobblestone":82},"minecraft:custom":{"minecraft:mob_kills":17,"tombstone:raider_killed":8,"minecraft:interact_with_crafting_table":7,"minecraft:open_barrel":16,"minecraft:leave_game":3,"minecraft:time_since_death":55685,"minecraft:sleep_in_bed":3,"minecraft:climb_one_cm":15160,"minecraft:time_since_rest":25018,"minecraft:waystone_activated":1,"minecraft:sprint_one_cm":225911,"minecraft:damage_taken":3821,"minecraft:walk_one_cm":213983,"minecraft:drop":22,"minecraft:damage_dealt":4210,"minecraft:swim_one_cm":62974,"minecraft:player_kills":1,"minecraft:fly_one_cm":389923,"minecraft:open_chest":47,"minecraft:crouch_one_cm":18266,"minecraft:play_time":106926,"tombstone:undead_killed":4,"minecraft:deaths":10,"minecraft:sneak_time":7220,"minecraft:walk_under_water_one_cm":2358,"minecraft:jump":1747,"minecraft:interact_with_smoker":1,"minecraft:walk_on_water_one_cm":25849,"minecraft:total_world_time":106926,"minecraft:fall_one_cm":44668,"minecraft:inspect_dispenser":2},"minecraft:killed_by":{"minecraft:vindicator":1,"enemyexpansion:sprinter":1,"minecraft:zombie":2,"minecraft:pillager":5,"darkestsouls:hollow_axe":1},"minecraft:crafted":{"minecraft:wooden_sword":1,"minecraft:diamond_sword":1,"minecraft:diamond_axe":1,"minecraft:crafting_table":3,"minecraft:wooden_pickaxe":1,"minecraft:jungle_planks":76,"minecraft:iron_boots":1,"minecraft:diamond_pickaxe":1,"minecraft:stick":12,"minecraft:wooden_axe":1,"minecraft:stone_sword":1,"minecraft:iron_leggings":1,"minecraft:torch":8},"minecraft:killed":{"darkestsouls:hollow_axe":1,"minecraft:vindicator":6,"enemyexpansion:direwolf":2,"minecraft:pillager":2,"minecraft:zombie":4,"gnumus:gnumus_hunter":1,"darkestsouls:beast_patient":1},"minecraft:dropped":{"minecraft:bread":31,"minecraft:moss_carpet":1,"minecraft:porkchop":3,"minecraft:polished_blackstone":2,"minecraft:tuff":7,"minecraft:coal":3,"patchouli:guide_book":2,"minecraft:diamond_sword":1,"gnumus:gnumus_clay":5,"minecraft:spruce_planks":3,"minecraft:iron_chestplate":1,"minecraft:chest":1,"minecraft:cooked_cod":1,"minecraft:barrel":1,"spartanweaponry:iron_lance":1,"minecraft:wooden_pickaxe":1,"minecraft:birch_stairs":1},"minecraft:mined":{"minecraft:dark_oak_planks":17,"minecraft:podzol":3,"minecraft:light_blue_stained_glass_pane":1,"minecraft:birch_stairs":3,"minecraft:tuff":4,"minecraft:spruce_planks":3,"minecraft:mossy_cobblestone":2,"minecraft:cherry_log":18,"minecraft:jungle_leaves":8,"minecraft:spruce_door":2,"minecraft:crafting_table":2,"minecraft:cyan_stained_glass_pane":1,"minecraft:grass_block":6,"minecraft:decorated_pot":1,"minecraft:melon":1,"minecraft:jungle_planks":6,"minecraft:chest":1,"minecraft:jungle_log":19,"minecraft:andesite_wall":1,"minecraft:tall_grass":5,"minecraft:cobblestone":1,"minecraft:birch_slab":1,"minecraft:deepslate_gold_ore":3,"minecraft:spawner":7,"minecraft:pink_petals":1,"minecraft:hay_block":10,"minecraft:birch_planks":47,"minecraft:coarse_dirt":2,"minecraft:cobblestone_wall":1,"minecraft:raw_gold_block":4,"minecraft:fire":12,"minecraft:barrel":2,"minecraft:andesite":1,"minecraft:moss_carpet":1,"minecraft:smooth_stone_slab":1,"minecraft:dark_oak_stairs":2,"minecraft:grass":4,"minecraft:bookshelf":38,"minecraft:water_cauldron":1,"minecraft:vine":7,"minecraft:iron_bars":1,"minecraft:cherry_leaves":1,"minecraft:dirt":23,"gnumus:fragile_gnumus_jug":1,"minecraft:gold_ore":4,"minecraft:acacia_planks":3,"minecraft:polished_blackstone":2,"minecraft:stone":112,"minecraft:oak_leaves":2},"minecraft:used":{"minecraft:iron_bars":1,"minecraft:stone_sword":18,"aquaculture:atlantic_herring":1,"minecraft:wooden_pickaxe":35,"minecraft:diamond_axe":144,"minecraft:rotten_flesh":2,"minecraft:torch":7,"minecraft:dirt":3,"minecraft:crafting_table":5,"minecraft:jungle_planks":54,"unusualprehistory:raw_stetha":1,"minecraft:dark_oak_planks":15,"minecraft:wooden_axe":19,"minecraft:diamond_pickaxe":124,"minecraft:bread":17,"minecraft:birch_slab":1,"minecraft:melon_slice":6,"aquaculture:gar":1,"minecraft:wooden_sword":29,"minecraft:diamond_sword":102,"minecraft:cobblestone":16,"minecraft:hay_block":3,"tombstone:gift":1,"aquaculture:atlantic_cod":1,"minecraft:acacia_planks":1,"aquaculture:perch":1,"minecraft:birch_stairs":1}},"DataVersion":3465}