{"stats":{"minecraft:picked_up":{"minecraft:crafting_table":2,"minecraft:birch_slab":1,"minecraft:jungle_log":19,"minecraft:birch_planks":47,"minecraft:flint":4,"minecraft:gunpowder":10,"minecraft:dirt":3,"minecraft:smooth_stone_slab":1,"minecraft:acacia_planks":1,"minecraft:spruce_planks":3,"minecraft:iron_ingot":4,"minecraft:melon_slice":6,"minecraft:chest":1,"minecraft:dark_oak_stairs":2,"minecraft:stick":4,"patchouli:guide_book":1,"minecraft:birch_stairs":1,"minecraft:jungle_planks":2,"minecraft:dark_oak_planks":15,"minecraft:barrel":2,"minecraft:cauldron":1,"minecraft:rotten_flesh":3,"gnumus:gnumus_clay":5,"minecraft:emerald":2,"minecraft:polished_blackstone":2,"tombstone:magic_scroll":1,"minecraft:coal":3,"minecraft:iron_bars":1,"minecraft:cobblestone":34},"minecraft:custom":{"minecraft:mob_kills":13,"tombstone:raider_killed":7,"minecraft:interact_with_crafting_table":6,"minecraft:open_barrel":5,"minecraft:leave_game":3,"minecraft:time_since_death":18064,"minecraft:climb_one_cm":1666,"minecraft:time_since_rest":16974,"minecraft:sprint_one_cm":25306,"minecraft:damage_taken":1304,"minecraft:walk_one_cm":78305,"minecraft:drop":8,"minecraft:damage_dealt":3096,"minecraft:swim_one_cm":6961,"minecraft:player_kills":1,"minecraft:fly_one_cm":31193,"minecraft:open_chest":7,"minecraft:crouch_one_cm":10258,"minecraft:play_time":40926,"tombstone:undead_killed":4,"minecraft:deaths":3,"minecraft:sneak_time":4431,"minecraft:walk_under_water_one_cm":907,"minecraft:jump":195,"minecraft:walk_on_water_one_cm":10103,"minecraft:total_world_time":40926,"minecraft:fall_one_cm":2804,"minecraft:inspect_dispenser":1},"minecraft:killed_by":{"minecraft:vindicator":1,"enemyexpansion:sprinter":1,"darkestsouls:hollow_axe":1},"minecraft:crafted":{"minecraft:wooden_sword":1,"minecraft:diamond_sword":1,"minecraft:diamond_axe":1,"minecraft:crafting_table":2,"minecraft:wooden_pickaxe":1,"minecraft:jungle_planks":76,"minecraft:diamond_pickaxe":1,"minecraft:stick":12,"minecraft:wooden_axe":1,"minecraft:stone_sword":1},"minecraft:killed":{"darkestsouls:hollow_axe":1,"minecraft:vindicator":6,"minecraft:pillager":1,"minecraft:zombie":4,"gnumus:gnumus_hunter":1},"minecraft:dropped":{"patchouli:guide_book":1,"gnumus:gnumus_clay":5,"minecraft:barrel":1,"minecraft:wooden_pickaxe":1},"minecraft:mined":{"minecraft:dark_oak_planks":17,"minecraft:birch_stairs":2,"minecraft:spruce_planks":3,"minecraft:jungle_leaves":8,"minecraft:spruce_door":1,"minecraft:crafting_table":2,"minecraft:grass_block":3,"minecraft:melon":1,"minecraft:jungle_planks":2,"minecraft:chest":1,"minecraft:jungle_log":19,"minecraft:birch_slab":1,"minecraft:spawner":2,"minecraft:birch_planks":47,"minecraft:barrel":2,"minecraft:smooth_stone_slab":1,"minecraft:dark_oak_stairs":2,"minecraft:grass":1,"minecraft:water_cauldron":1,"minecraft:vine":7,"minecraft:iron_bars":1,"minecraft:acacia_planks":3,"minecraft:polished_blackstone":2,"minecraft:stone":31},"minecraft:used":{"minecraft:iron_bars":1,"minecraft:stone_sword":18,"aquaculture:atlantic_herring":1,"minecraft:wooden_pickaxe":35,"minecraft:diamond_axe":73,"minecraft:rotten_flesh":2,"minecraft:dirt":3,"minecraft:crafting_table":4,"minecraft:jungle_planks":43,"unusualprehistory:raw_stetha":1,"minecraft:dark_oak_planks":8,"minecraft:wooden_axe":19,"minecraft:diamond_pickaxe":4,"minecraft:birch_slab":1,"minecraft:melon_slice":6,"aquaculture:gar":1,"minecraft:wooden_sword":29,"minecraft:diamond_sword":50,"minecraft:cobblestone":16,"tombstone:gift":1,"aquaculture:atlantic_cod":1,"minecraft:acacia_planks":1,"aquaculture:perch":1}},"DataVersion":3465}