{"stats":{"minecraft:custom":{"minecraft:jump":25,"minecraft:open_chest":1,"minecraft:time_since_rest":6012,"minecraft:leave_game":1,"minecraft:sprint_one_cm":2679,"minecraft:play_time":6012,"minecraft:damage_taken":30,"minecraft:time_since_death":6012,"minecraft:walk_one_cm":7575,"minecraft:sneak_time":738,"minecraft:total_world_time":6012,"minecraft:fall_one_cm":1405,"minecraft:fly_one_cm":288882},"minecraft:used":{"minecraft:dirt":2},"minecraft:mined":{"minecraft:grass_block":1},"minecraft:picked_up":{"minecraft:dirt":1}},"DataVersion":3465}