{"stats":{"minecraft:killed_by":{"darkestsouls:skeleton_falchion":1,"minecraft:player":2,"darkestsouls:beast_patient":3,"darkestsouls:church_doctor_pistol":1,"darkestsouls:skeleton_spear":1},"minecraft:killed":{"minecraft:pig":3,"darkestsouls:skeleton_curved_swords":1,"minecraft:spider":1,"enemyexpansion:sprinter":1,"enemyexpansion:direwolf":2,"minecraft:sheep":3,"minecraft:skeleton":1,"darkestsouls:skeleton_spear":1,"minecraft:zombie":3,"darkestsouls:church_doctor_pistol":2,"enemyexpansion:botfly":5,"gnumus:gnumus_hunter":1,"darkestsouls:cloaked_beast_patient":1,"darkestsouls:beast_patient":2,"creeperoverhaul:savannah_creeper":1,"darkestsouls:hollow_assassin":1,"minecraft:skeleton_horse":1},"minecraft:crafted":{"minecraft:wooden_sword":1,"minecraft:cooked_porkchop":8,"minecraft:crafting_table":1,"minecraft:wooden_pickaxe":1,"minecraft:iron_sword":1,"minecraft:furnace":1,"minecraft:birch_planks":16,"minecraft:cooked_mutton":4,"minecraft:air":0,"minecraft:stick":24,"minecraft:iron_ingot":5,"minecraft:iron_pickaxe":1,"minecraft:stone_pickaxe":1,"minecraft:white_bed":1,"minecraft:acacia_planks":8,"minecraft:torch":32},"minecraft:custom":{"minecraft:interact_with_furnace":13,"minecraft:mob_kills":30,"minecraft:interact_with_crafting_table":11,"minecraft:leave_game":1,"minecraft:time_since_death":2163,"minecraft:sleep_in_bed":1,"minecraft:time_since_rest":1872,"minecraft:sprint_one_cm":151889,"minecraft:damage_taken":2983,"minecraft:walk_one_cm":118298,"minecraft:drop":1,"minecraft:damage_dealt":6934,"minecraft:talked_to_villager":1,"minecraft:swim_one_cm":474,"minecraft:fly_one_cm":302435,"minecraft:player_kills":1,"minecraft:crouch_one_cm":4982,"minecraft:play_time":84607,"tombstone:undead_killed":8,"minecraft:deaths":8,"minecraft:sneak_time":1899,"minecraft:walk_under_water_one_cm":348,"minecraft:jump":1398,"minecraft:walk_on_water_one_cm":19,"minecraft:total_world_time":84607,"minecraft:fall_one_cm":24518},"minecraft:broken":{"minecraft:wooden_sword":1},"minecraft:mined":{"iceandfire:silver_ore":3,"minecraft:acacia_log":2,"minecraft:tall_grass":13,"minecraft:copper_ore":1,"minecraft:cobblestone":1,"minecraft:coarse_dirt":1,"minecraft:birch_log":4,"minecraft:iron_ore":5,"minecraft:grass":29,"darkestsouls:cinnabar_ore":6,"minecraft:coal_ore":34,"minecraft:gravel":1,"minecraft:dirt":1,"minecraft:cobweb":8,"minecraft:stone":68,"minecraft:oak_leaves":1},"minecraft:dropped":{"minecraft:stone_pickaxe":1},"minecraft:picked_up":{"minecraft:birch_log":4,"gnumus:gnumus_claw":1,"gnumus:gnumus_pouch":1,"darkestsouls:cinnabar":8,"darkestsouls:beast_blood_clump":1,"minecraft:string":9,"minecraft:dirt":1,"minecraft:raw_copper":4,"minecraft:bone":3,"minecraft:wheat_seeds":5,"minecraft:stone_pickaxe":1,"darkestsouls:blood_stone_fragment":1,"minecraft:oak_planks":1,"minecraft:raw_iron":5,"minecraft:stick":5,"darkestsouls:soul_fragment":3,"minecraft:acacia_log":2,"minecraft:gravel":1,"minecraft:porkchop":8,"minecraft:rotten_flesh":3,"gnumus:gnumus_chickpeas":3,"minecraft:mutton":5,"minecraft:coal":34,"iceandfire:raw_silver":3,"minecraft:white_wool":3,"minecraft:cobblestone":63},"minecraft:used":{"minecraft:cooked_mutton":4,"minecraft:stone_pickaxe":68,"minecraft:wooden_pickaxe":8,"minecraft:iron_sword":115,"minecraft:torch":32,"minecraft:dirt":1,"minecraft:crafting_table":1,"minecraft:white_bed":1,"minecraft:iron_pickaxe":56,"minecraft:wooden_sword":66,"minecraft:cobblestone":13,"minecraft:furnace":1,"minecraft:cooked_porkchop":7,"tombstone:gift":1}},"DataVersion":3465}