{"stats":{"minecraft:picked_up":{"minecraft:crafting_table":2,"minecraft:coarse_dirt":2,"minecraft:chicken":1,"minecraft:leather_leggings":1,"gnumus:gnumus_claw":8,"minecraft:stone_slab":1,"minecraft:lead":1,"minecraft:diamond_sword":1,"minecraft:gold_block":1,"darkestsouls:beast_blood_clump":4,"iceandfire:armor_silver_metal_chestplate":1,"iceandfire:manuscript":19,"minecraft:string":1,"minecraft:red_bed":2,"minecraft:moss_carpet":2,"minecraft:smooth_stone_slab":1,"minecraft:flint_and_steel":1,"minecraft:iron_leggings":1,"minecraft:iron_shovel":1,"minecraft:gold_nugget":13,"minecraft:spruce_planks":3,"minecraft:beef":20,"minecraft:spruce_slab":1,"minecraft:melon_slice":6,"minecraft:chest":1,"minecraft:iron_boots":1,"minecraft:stick":4,"gnumus:juicy_meat":2,"minecraft:torch":8,"minecraft:porkchop":8,"orcz:orchorn":1,"minecraft:cherry_log":15,"tombstone:grave_dust":5,"minecraft:cauldron":1,"minecraft:dark_oak_planks":15,"minecraft:orange_bed":1,"gnumus:vintage_metal":2,"minecraft:arrow":4,"minecraft:rotten_flesh":40,"minecraft:hay_block":18,"gnumus:gnumus_chickpeas":3,"minecraft:polished_blackstone":4,"minecraft:glow_berries":3,"gnumus:mouse_skin":16,"minecraft:iron_bars":1,"minecraft:bone_block":4,"minecraft:cobblestone":168,"iceandfire:sapphire_gem":3,"gnumus:gnumus_doubloons":10,"orcz:orcteeth":26,"minecraft:feather":2,"gnumus:baked_patterned_gnumus_clay":1,"minecraft:cherry_planks":1,"minecraft:birch_slab":1,"minecraft:andesite":1,"minecraft:jungle_log":19,"gnumus:overripe_carrot":3,"minecraft:leather":8,"spartanweaponry:iron_longsword":1,"gnumus:gnumus_pouch":6,"minecraft:birch_planks":76,"minecraft:flint":4,"minecraft:tuff":7,"minecraft:gunpowder":10,"minecraft:dirt":39,"tombstone:gift":1,"gnumus:gnumus_pouch_2":3,"minecraft:bone":6,"minecraft:acacia_planks":1,"minecraft:wheat_seeds":20,"minecraft:iron_ingot":4,"minecraft:cobweb":21,"minecraft:dark_oak_stairs":2,"minecraft:book":86,"patchouli:guide_book":1,"minecraft:dripstone_block":3,"orcz:bone_1deco":1,"minecraft:birch_stairs":3,"minecraft:jungle_planks":6,"gnumus:gnumus_cheese":1,"minecraft:white_bed":1,"minecraft:spruce_log":3,"minecraft:spider_eye":1,"minecraft:barrel":2,"minecraft:diamond":1,"gnumus:gnumus_clay":27,"minecraft:soul_lantern":2,"minecraft:granite":1,"minecraft:bread":3,"minecraft:cherry_sapling":4,"minecraft:spruce_sign":1,"minecraft:emerald":2,"orcz:ironscrap":12,"tombstone:magic_scroll":2,"minecraft:coal":3},"minecraft:killed_by":{"minecraft:player":1,"minecraft:pillager":5,"darkestsouls:hollow_axe":1,"minecraft:vindicator":1,"enemyexpansion:sprinter":1,"iceandfire:ice_dragon":2,"orcz:bigorcboss":1,"minecraft:zombie":2},"minecraft:custom":{"minecraft:mob_kills":83,"minecraft:interact_with_crafting_table":28,"minecraft:open_barrel":18,"minecraft:leave_game":5,"minecraft:time_since_death":3881,"minecraft:climb_one_cm":15160,"minecraft:sprint_one_cm":437236,"minecraft:walk_one_cm":419820,"minecraft:damage_blocked_by_shield":3365,"minecraft:drop":66,"minecraft:play_time":200548,"minecraft:sneak_time":10512,"minecraft:deaths":16,"minecraft:walk_under_water_one_cm":7027,"minecraft:jump":4535,"minecraft:walk_on_water_one_cm":37987,"minecraft:total_world_time":200548,"spartanshields:shield_bash_hits":1,"tombstone:raider_killed":8,"minecraft:sleep_in_bed":4,"minecraft:time_since_rest":2977,"minecraft:waystone_activated":1,"minecraft:damage_taken":7819,"minecraft:damage_absorbed":40,"minecraft:trigger_trapped_chest":1,"minecraft:damage_dealt":18838,"minecraft:swim_one_cm":174107,"minecraft:fly_one_cm":1092851,"minecraft:player_kills":1,"minecraft:open_chest":109,"minecraft:crouch_one_cm":26596,"tombstone:undead_killed":25,"minecraft:interact_with_smoker":1,"minecraft:fall_one_cm":114877,"minecraft:inspect_dispenser":2},"minecraft:crafted":{"minecraft:cherry_planks":32,"minecraft:wooden_sword":2,"spartanshields:wooden_tower_shield":1,"minecraft:bone_meal":36,"minecraft:iron_boots":1,"minecraft:chest":2,"minecraft:wheat":126,"minecraft:diamond_sword":2,"spartanshields:diamond_tower_shield":1,"minecraft:diamond_axe":1,"minecraft:crafting_table":6,"minecraft:spruce_planks":12,"minecraft:wooden_pickaxe":2,"minecraft:iron_helmet":1,"minecraft:bone":26,"minecraft:bread":42,"minecraft:jungle_planks":76,"minecraft:diamond_pickaxe":2,"minecraft:shield":2,"minecraft:stick":36,"minecraft:iron_ingot":8,"minecraft:wooden_axe":1,"minecraft:stone_sword":1,"minecraft:iron_leggings":2,"minecraft:torch":8},"minecraft:killed":{"darkestsouls:hollow_axe":1,"minecraft:spider":1,"minecraft:vindicator":6,"enemyexpansion:direwolf":2,"gnumus:gnumus_worker":3,"minecraft:chicken":1,"gnumus:gnumus_hunter":1,"darkestsouls:beast_patient":1,"orcz:orcsavagemace":1,"orcz:orcsavageweird":1,"gnumus:gnumus_hunter_not_dispawn":8,"minecraft:pig":1,"orcz:goblinsavagemace":2,"darkestsouls:gravetender_hollow_broken_straightsword":1,"minecraft:pillager":2,"minecraft:zombie":10,"iceandfire:ghost":2,"orcz:bigorcboss":1,"enemyexpansion:botfly":5,"darkestsouls:cloaked_beast_patient":5,"orcz:orcsavage_2sword":1,"orcz:snot":1,"orcz:orcshield":1,"enemyexpansion:slugger":13,"minecraft:cow":3},"minecraft:dropped":{"minecraft:bread":31,"minecraft:porkchop":3,"minecraft:birch_planks":24,"minecraft:wheat_seeds":14,"minecraft:polished_blackstone":2,"minecraft:iron_helmet":1,"minecraft:coal":3,"minecraft:stick":6,"minecraft:dirt":4,"gnumus:gnumus_claw":5,"minecraft:torch":7,"minecraft:cooked_cod":1,"tombstone:grave_dust":1,"minecraft:iron_leggings":3,"minecraft:gold_nugget":13,"minecraft:birch_stairs":1,"minecraft:bone":6,"minecraft:moss_carpet":1,"minecraft:coarse_dirt":2,"gnumus:vintage_metal":2,"minecraft:tuff":7,"minecraft:rotten_flesh":32,"minecraft:iron_boots":2,"minecraft:stone_slab":1,"patchouli:guide_book":2,"minecraft:flint_and_steel":1,"gnumus:gnumus_doubloons":10,"minecraft:diamond_sword":1,"minecraft:hay_block":1,"gnumus:gnumus_clay":17,"orcz:orcteeth":13,"minecraft:spruce_planks":3,"minecraft:iron_chestplate":1,"minecraft:diamond_pickaxe":1,"gnumus:gnumus_chickpeas":3,"minecraft:beetroot_seeds":4,"minecraft:chest":1,"minecraft:leather_leggings":1,"minecraft:barrel":1,"spartanweaponry:iron_lance":1,"minecraft:wooden_pickaxe":1},"minecraft:mined":{"minecraft:dark_oak_planks":17,"minecraft:light_blue_stained_glass_pane":1,"minecraft:tuff":4,"minecraft:spruce_planks":3,"minecraft:white_bed":1,"minecraft:mossy_cobblestone":3,"minecraft:cherry_log":18,"minecraft:jungle_leaves":8,"minecraft:granite":1,"minecraft:grass_block":15,"minecraft:decorated_pot":1,"minecraft:jungle_planks":6,"minecraft:jungle_log":19,"minecraft:birch_slab":1,"orcz:bone_1deco":1,"minecraft:spawner":7,"minecraft:hay_block":20,"minecraft:raw_gold_block":4,"minecraft:fire":12,"minecraft:barrel":2,"minecraft:andesite":1,"minecraft:moss_carpet":1,"minecraft:dark_oak_stairs":2,"minecraft:bookshelf":38,"minecraft:vine":8,"minecraft:water_cauldron":1,"minecraft:iron_bars":1,"gnumus:fragile_gnumus_jug":5,"minecraft:stone":177,"minecraft:bone_block":4,"orcz:scrapblock":3,"minecraft:orange_bed":1,"minecraft:podzol":3,"minecraft:birch_stairs":3,"minecraft:cherry_planks":1,"minecraft:red_bed":2,"minecraft:spruce_door":2,"minecraft:soul_lantern":2,"minecraft:crafting_table":2,"minecraft:cyan_stained_glass_pane":1,"minecraft:melon":1,"iceandfire:ghost_chest":1,"minecraft:chest":1,"minecraft:andesite_wall":1,"minecraft:stone_slab":1,"minecraft:tall_grass":39,"minecraft:cobblestone":7,"minecraft:deepslate_gold_ore":3,"minecraft:wall_torch":1,"minecraft:pink_petals":1,"minecraft:birch_planks":53,"minecraft:coarse_dirt":2,"minecraft:cobblestone_wall":1,"minecraft:spruce_log":3,"minecraft:smooth_stone_slab":1,"minecraft:grass":49,"minecraft:cherry_leaves":1,"minecraft:dirt":44,"minecraft:stone_bricks":1,"minecraft:acacia_planks":3,"minecraft:polished_blackstone":2,"minecraft:mossy_stone_bricks":1,"minecraft:gold_ore":4,"minecraft:oak_leaves":2,"minecraft:fern":2},"minecraft:used":{"minecraft:stone_sword":18,"minecraft:iron_bars":1,"minecraft:chest":2,"minecraft:shield":3,"minecraft:rotten_flesh":2,"minecraft:orange_bed":1,"minecraft:torch":16,"minecraft:dirt":18,"minecraft:jungle_planks":54,"unusualprehistory:raw_stetha":1,"minecraft:dark_oak_planks":15,"minecraft:wooden_axe":19,"minecraft:beef":2,"minecraft:hay_block":3,"tombstone:gift":1,"minecraft:acacia_planks":1,"minecraft:iron_leggings":1,"minecraft:birch_planks":6,"aquaculture:atlantic_herring":1,"minecraft:wooden_pickaxe":40,"minecraft:cherry_planks":11,"minecraft:diamond_axe":152,"minecraft:golden_apple":1,"minecraft:glow_berries":21,"minecraft:crafting_table":8,"minecraft:red_bed":2,"minecraft:cod":1,"minecraft:diamond_pickaxe":212,"minecraft:birch_slab":1,"minecraft:bread":64,"minecraft:melon_slice":6,"spartanshields:diamond_tower_shield":29,"aquaculture:gar":1,"minecraft:diamond_sword":412,"orcz:bone_1deco":3,"minecraft:wooden_sword":29,"minecraft:cobblestone":53,"minecraft:cobweb":3,"aquaculture:atlantic_cod":1,"minecraft:birch_stairs":1,"minecraft:diamond_leggings":2,"aquaculture:perch":1}},"DataVersion":3465}