{"stats":{"minecraft:killed_by":{"darkestsouls:skeleton_falchion":1,"minecraft:player":2,"darkestsouls:beast_patient":3,"darkestsouls:skeleton_spear":1},"minecraft:killed":{"minecraft:pig":3,"minecraft:spider":1,"enemyexpansion:sprinter":1,"enemyexpansion:direwolf":2,"minecraft:sheep":3,"minecraft:skeleton":1,"gnumus:gnumus_hunter":1,"darkestsouls:cloaked_beast_patient":1,"darkestsouls:beast_patient":2,"darkestsouls:hollow_assassin":1,"minecraft:skeleton_horse":1},"minecraft:crafted":{"minecraft:wooden_sword":1,"minecraft:cooked_porkchop":4,"minecraft:crafting_table":1,"minecraft:wooden_pickaxe":1,"minecraft:iron_sword":1,"minecraft:furnace":1,"minecraft:birch_planks":16,"minecraft:cooked_mutton":4,"minecraft:air":0,"minecraft:stick":24,"minecraft:iron_ingot":5,"minecraft:iron_pickaxe":1,"minecraft:stone_pickaxe":1,"minecraft:white_bed":1,"minecraft:acacia_planks":8,"minecraft:torch":32},"minecraft:custom":{"minecraft:interact_with_furnace":12,"minecraft:mob_kills":17,"minecraft:interact_with_crafting_table":11,"minecraft:time_since_death":16954,"minecraft:sleep_in_bed":1,"minecraft:time_since_rest":16913,"minecraft:sprint_one_cm":121025,"minecraft:damage_taken":2261,"minecraft:walk_one_cm":78840,"minecraft:drop":1,"minecraft:damage_dealt":4000,"minecraft:swim_one_cm":474,"minecraft:fly_one_cm":280501,"minecraft:player_kills":1,"minecraft:crouch_one_cm":3161,"minecraft:play_time":49422,"tombstone:undead_killed":3,"minecraft:deaths":7,"minecraft:sneak_time":1177,"minecraft:walk_under_water_one_cm":348,"minecraft:jump":1161,"minecraft:walk_on_water_one_cm":19,"minecraft:total_world_time":49422,"minecraft:fall_one_cm":22470},"minecraft:broken":{"minecraft:wooden_sword":1},"minecraft:mined":{"minecraft:acacia_log":2,"minecraft:tall_grass":13,"minecraft:copper_ore":1,"minecraft:cobblestone":1,"minecraft:birch_log":4,"minecraft:iron_ore":5,"minecraft:grass":19,"minecraft:coal_ore":17,"minecraft:dirt":1,"minecraft:cobweb":2,"minecraft:stone":62,"minecraft:oak_leaves":1},"minecraft:dropped":{"minecraft:stone_pickaxe":1},"minecraft:picked_up":{"minecraft:birch_log":4,"gnumus:gnumus_claw":1,"gnumus:gnumus_pouch":1,"darkestsouls:beast_blood_clump":1,"minecraft:string":3,"minecraft:dirt":1,"minecraft:raw_copper":4,"minecraft:bone":2,"minecraft:wheat_seeds":3,"minecraft:stone_pickaxe":1,"darkestsouls:blood_stone_fragment":1,"minecraft:oak_planks":1,"minecraft:raw_iron":5,"minecraft:stick":5,"minecraft:acacia_log":2,"minecraft:porkchop":8,"gnumus:gnumus_chickpeas":3,"minecraft:mutton":5,"minecraft:coal":17,"minecraft:white_wool":3,"minecraft:cobblestone":57},"minecraft:used":{"minecraft:cooked_mutton":2,"minecraft:stone_pickaxe":68,"minecraft:wooden_pickaxe":8,"minecraft:iron_sword":42,"minecraft:torch":32,"minecraft:dirt":1,"minecraft:crafting_table":1,"minecraft:white_bed":1,"minecraft:iron_pickaxe":22,"minecraft:wooden_sword":66,"minecraft:cobblestone":2,"minecraft:furnace":1,"minecraft:cooked_porkchop":4,"tombstone:gift":1}},"DataVersion":3465}