{"stats":{"minecraft:picked_up":{"minecraft:crafting_table":2,"minecraft:jungle_log":19,"minecraft:birch_planks":5,"minecraft:birch_stairs":1,"minecraft:jungle_planks":2,"minecraft:cauldron":1,"minecraft:dirt":3,"minecraft:rotten_flesh":1,"minecraft:emerald":2,"minecraft:melon_slice":6,"minecraft:iron_bars":1,"minecraft:cobblestone":31},"minecraft:killed_by":{"minecraft:vindicator":1,"enemyexpansion:sprinter":1,"darkestsouls:hollow_axe":1},"minecraft:custom":{"minecraft:time_since_rest":4974,"minecraft:sprint_one_cm":22219,"minecraft:damage_taken":1064,"minecraft:walk_one_cm":41244,"minecraft:mob_kills":9,"tombstone:raider_killed":5,"minecraft:damage_dealt":2285,"minecraft:swim_one_cm":6961,"minecraft:interact_with_crafting_table":5,"minecraft:fly_one_cm":30693,"minecraft:player_kills":1,"minecraft:open_chest":2,"minecraft:crouch_one_cm":5880,"minecraft:play_time":28926,"tombstone:undead_killed":2,"minecraft:deaths":3,"minecraft:sneak_time":2732,"minecraft:walk_under_water_one_cm":907,"minecraft:jump":167,"minecraft:leave_game":3,"minecraft:time_since_death":6064,"minecraft:walk_on_water_one_cm":10103,"minecraft:climb_one_cm":1666,"minecraft:total_world_time":28926,"minecraft:fall_one_cm":2804},"minecraft:crafted":{"minecraft:wooden_sword":1,"minecraft:diamond_sword":1,"minecraft:crafting_table":2,"minecraft:stick":8,"minecraft:wooden_pickaxe":1,"minecraft:wooden_axe":1,"minecraft:stone_sword":1,"minecraft:jungle_planks":36},"minecraft:killed":{"darkestsouls:hollow_axe":1,"minecraft:zombie":2,"gnumus:gnumus_hunter":1,"minecraft:vindicator":5},"minecraft:mined":{"minecraft:birch_stairs":1,"minecraft:birch_planks":5,"minecraft:jungle_leaves":8,"minecraft:crafting_table":2,"minecraft:grass":1,"minecraft:water_cauldron":1,"minecraft:jungle_planks":2,"minecraft:grass_block":3,"minecraft:vine":7,"minecraft:melon":1,"minecraft:jungle_log":19,"minecraft:iron_bars":1,"minecraft:stone":31,"minecraft:spawner":1},"minecraft:used":{"minecraft:wooden_axe":19,"minecraft:stone_sword":18,"minecraft:melon_slice":6,"minecraft:wooden_pickaxe":35,"minecraft:diamond_sword":10,"minecraft:rotten_flesh":1,"minecraft:dirt":1,"minecraft:wooden_sword":29,"minecraft:cobblestone":16,"minecraft:crafting_table":4,"minecraft:jungle_planks":2,"tombstone:gift":1}},"DataVersion":3465}