{"stats":{"minecraft:killed_by":{"darkestsouls:skeleton_falchion":1,"darkestsouls:beast_patient":1,"minecraft:player":2},"minecraft:killed":{"gnumus:gnumus_hunter":1,"darkestsouls:beast_patient":1},"minecraft:crafted":{"minecraft:wooden_sword":1,"minecraft:crafting_table":1,"minecraft:stick":12,"minecraft:wooden_pickaxe":1,"minecraft:stone_pickaxe":1,"minecraft:birch_planks":16},"minecraft:custom":{"minecraft:time_since_rest":896,"minecraft:sprint_one_cm":45503,"minecraft:damage_taken":1037,"minecraft:walk_one_cm":27882,"minecraft:mob_kills":2,"minecraft:damage_dealt":1185,"minecraft:interact_with_crafting_table":7,"minecraft:swim_one_cm":474,"minecraft:player_kills":1,"minecraft:fly_one_cm":140213,"minecraft:crouch_one_cm":753,"minecraft:play_time":13422,"minecraft:deaths":4,"minecraft:sneak_time":198,"minecraft:walk_under_water_one_cm":348,"minecraft:jump":472,"minecraft:time_since_death":1793,"minecraft:walk_on_water_one_cm":19,"minecraft:total_world_time":13422,"minecraft:fall_one_cm":13545},"minecraft:mined":{"minecraft:birch_log":4,"minecraft:grass":2,"minecraft:coal_ore":4,"minecraft:cobweb":2,"minecraft:tall_grass":5,"minecraft:stone":14,"minecraft:oak_leaves":1},"minecraft:picked_up":{"minecraft:birch_log":4,"minecraft:stick":5,"gnumus:gnumus_claw":1,"gnumus:gnumus_pouch":1,"minecraft:porkchop":1,"minecraft:string":2,"minecraft:oak_planks":1,"minecraft:coal":4,"minecraft:cobblestone":12},"minecraft:used":{"minecraft:stone_pickaxe":11,"minecraft:wooden_pickaxe":8,"minecraft:wooden_sword":37,"minecraft:crafting_table":1,"tombstone:gift":1}},"DataVersion":3465}