{"stats":{"minecraft:custom":{"minecraft:jump":109,"minecraft:open_chest":8,"minecraft:time_since_rest":20416,"minecraft:crouch_one_cm":355,"minecraft:walk_on_water_one_cm":2403,"minecraft:sprint_one_cm":24537,"minecraft:play_time":20416,"minecraft:damage_taken":185,"minecraft:time_since_death":20416,"minecraft:walk_one_cm":24099,"minecraft:sneak_time":51,"minecraft:climb_one_cm":2522,"minecraft:total_world_time":20416,"minecraft:walk_under_water_one_cm":1194,"minecraft:swim_one_cm":15412,"minecraft:fall_one_cm":3169,"minecraft:fly_one_cm":18823,"minecraft:inspect_dispenser":1}},"DataVersion":3465}