{"stats":{"minecraft:picked_up":{"minecraft:salmon":1,"minecraft:crafting_table":3,"minecraft:coarse_dirt":2,"minecraft:feather":5,"minecraft:tripwire_hook":2,"minecraft:birch_slab":1,"minecraft:jungle_log":4,"minecraft:birch_planks":6,"minecraft:sand":1,"minecraft:oak_log":7,"minecraft:dark_oak_log":6,"minecraft:dirt":6,"minecraft:dark_oak_planks":21,"minecraft:chest":2,"minecraft:oak_planks":1,"minecraft:dark_oak_stairs":3,"minecraft:cobblestone":24},"minecraft:custom":{"minecraft:time_since_rest":6115,"minecraft:sprint_one_cm":33375,"minecraft:damage_taken":427,"minecraft:walk_one_cm":25609,"minecraft:mob_kills":11,"tombstone:raider_killed":8,"minecraft:damage_dealt":1875,"minecraft:swim_one_cm":17972,"minecraft:interact_with_crafting_table":5,"minecraft:fly_one_cm":12132,"minecraft:open_barrel":4,"minecraft:open_chest":5,"minecraft:crouch_one_cm":13885,"minecraft:play_time":16451,"minecraft:deaths":1,"minecraft:sneak_time":4529,"minecraft:walk_under_water_one_cm":981,"minecraft:jump":123,"minecraft:leave_game":1,"minecraft:walk_on_water_one_cm":3776,"minecraft:time_since_death":6724,"minecraft:climb_one_cm":225,"minecraft:total_world_time":16451,"minecraft:inspect_dispenser":1,"minecraft:fall_one_cm":902},"minecraft:crafted":{"minecraft:oak_planks":28,"minecraft:diamond_sword":1,"minecraft:crafting_table":1,"minecraft:stick":12,"minecraft:wooden_pickaxe":1,"minecraft:stone_pickaxe":1,"minecraft:stone_sword":1,"minecraft:chest":1,"minecraft:dark_oak_planks":24,"minecraft:stone_axe":1,"minecraft:jungle_planks":16},"minecraft:killed":{"minecraft:pillager":7,"minecraft:parrot":2,"minecraft:salmon":1,"minecraft:vindicator":1},"minecraft:mined":{"minecraft:dark_oak_planks":25,"minecraft:birch_planks":6,"minecraft:coarse_dirt":2,"minecraft:dark_oak_log":6,"minecraft:dark_oak_stairs":5,"minecraft:crafting_table":3,"minecraft:grass":2,"minecraft:grass_block":1,"minecraft:oak_log":7,"minecraft:chest":2,"minecraft:jungle_log":4,"minecraft:sand":1,"minecraft:dirt":5,"minecraft:birch_slab":1,"minecraft:tripwire_hook":2,"minecraft:stone":24,"minecraft:oak_planks":1},"minecraft:used":{"minecraft:dark_oak_stairs":2,"minecraft:dark_oak_planks":45,"minecraft:stone_sword":2,"minecraft:birch_planks":6,"minecraft:stone_pickaxe":25,"minecraft:oak_planks":21,"minecraft:chest":1,"minecraft:wooden_pickaxe":8,"minecraft:salmon":1,"minecraft:stone_axe":58,"minecraft:diamond_sword":47,"minecraft:cobblestone":16,"minecraft:dirt":6,"minecraft:sand":1,"minecraft:crafting_table":3,"minecraft:jungle_planks":3,"minecraft:bucket":1,"tombstone:gift":2,"minecraft:salmon_bucket":1,"minecraft:coarse_dirt":2}},"DataVersion":3465}