{"stats":{"minecraft:mined":{"minecraft:grass":1,"minecraft:fern":3},"minecraft:picked_up":{"minecraft:dirt":1},"minecraft:used":{"minecraft:dirt":1},"minecraft:custom":{"minecraft:jump":53,"minecraft:time_since_rest":1041,"minecraft:leave_game":1,"minecraft:damage_dealt":440,"minecraft:deaths":1,"minecraft:sprint_one_cm":4460,"minecraft:play_time":2058,"minecraft:damage_taken":330,"minecraft:time_since_death":1013,"minecraft:walk_one_cm":10539,"minecraft:total_world_time":2058,"minecraft:fall_one_cm":1512,"minecraft:fly_one_cm":6751,"minecraft:player_kills":2},"minecraft:killed_by":{"minecraft:player":1}},"DataVersion":3465}