{"stats":{"minecraft:picked_up":{"minecraft:coarse_dirt":1,"minecraft:crafting_table":1,"minecraft:iron_chestplate":1,"minecraft:wheat":32,"minecraft:jungle_boat":1,"minecraft:cooked_beef":3,"minecraft:clay_ball":4,"minecraft:jungle_log":11,"minecraft:stone_slab":1,"minecraft:stone_brick_wall":1,"enemyexpansion:wasp_thorax":1,"minecraft:oak_log":10,"minecraft:yellow_bed":1,"minecraft:dirt":20,"minecraft:red_bed":1,"minecraft:lantern":1,"minecraft:bone":3,"minecraft:sea_pickle":2,"minecraft:bow":1,"minecraft:wheat_seeds":1,"minecraft:beef":4,"unusualprehistory:plant_fossil_item":8,"minecraft:light_gray_wool":1,"minecraft:bamboo":50,"minecraft:iron_boots":1,"minecraft:furnace":4,"minecraft:raw_iron":14,"minecraft:pumpkin":1,"minecraft:torch":1,"minecraft:bamboo_slab":1,"iceandfire:shiny_scales":4,"minecraft:jungle_planks":3,"minecraft:porkchop":7,"tombstone:grave_dust":4,"minecraft:prismarine_crystals":1,"minecraft:andesite_wall":1,"minecraft:rotten_flesh":3,"darkestsouls:siderite_fragment":2,"minecraft:arrow":12,"minecraft:diamond":1,"minecraft:chainmail_leggings":1,"minecraft:hay_block":21,"minecraft:iron_helmet":1,"minecraft:spruce_sign":1,"minecraft:bread":5,"darkestsouls:small_soul_fragment":3,"minecraft:mutton":5,"minecraft:white_wool":2,"minecraft:coal":28,"iceandfire:raw_silver":1,"minecraft:cobblestone":45},"minecraft:killed_by":{"iceandfire:siren":1},"minecraft:custom":{"minecraft:interact_with_smithing_table":1,"minecraft:interact_with_furnace":9,"minecraft:mob_kills":13,"minecraft:inspect_hopper":1,"minecraft:interact_with_crafting_table":13,"minecraft:eat_cake_slice":5,"minecraft:leave_game":1,"minecraft:time_since_death":21289,"minecraft:sleep_in_bed":2,"minecraft:climb_one_cm":13166,"minecraft:time_since_rest":21237,"minecraft:sprint_one_cm":203198,"minecraft:damage_taken":898,"minecraft:walk_one_cm":139231,"minecraft:drop":42,"minecraft:damage_dealt":2042,"tombstone:undead_killed":1,"minecraft:swim_one_cm":35326,"minecraft:fly_one_cm":171636,"minecraft:deaths":1,"minecraft:open_chest":23,"minecraft:crouch_one_cm":3958,"minecraft:play_time":75151,"minecraft:sneak_time":1454,"minecraft:walk_under_water_one_cm":3694,"minecraft:boat_one_cm":178807,"minecraft:jump":1690,"minecraft:walk_on_water_one_cm":10298,"minecraft:total_world_time":75151,"minecraft:fall_one_cm":28496},"minecraft:crafted":{"minecraft:wooden_sword":1,"minecraft:oak_planks":40,"minecraft:cooked_porkchop":2,"minecraft:crafting_table":3,"minecraft:wooden_pickaxe":1,"minecraft:iron_sword":1,"minecraft:furnace":1,"minecraft:bread":66,"minecraft:air":0,"minecraft:jungle_planks":42,"minecraft:oak_boat":1,"minecraft:iron_axe":1,"minecraft:stick":16,"minecraft:iron_ingot":12,"minecraft:iron_pickaxe":1,"minecraft:stone_pickaxe":1,"minecraft:wooden_axe":1,"minecraft:wheat":189},"minecraft:killed":{"minecraft:pig":4,"darkestsouls:gravetender_hollow_broken_straightsword":1,"minecraft:sheep":3,"minecraft:skeleton":1,"minecraft:cow":4},"minecraft:dropped":{"minecraft:spruce_sign":1,"iceandfire:raw_silver":1,"minecraft:stone_axe":1,"minecraft:wheat_seeds":1,"minecraft:coarse_dirt":1,"minecraft:wheat":2,"darkestsouls:small_soul_fragment":3,"minecraft:prismarine_crystals":1,"minecraft:rotten_flesh":3,"minecraft:cobblestone":1,"minecraft:andesite_wall":1,"minecraft:light_gray_wool":1,"minecraft:clay_ball":4,"minecraft:lantern":1,"minecraft:jungle_planks":53,"minecraft:stone_slab":1,"patchouli:guide_book":1,"iceandfire:shiny_scales":4,"minecraft:dirt":6,"minecraft:sea_pickle":2,"minecraft:wooden_axe":1,"minecraft:stone_brick_wall":1,"tombstone:grave_dust":5,"minecraft:pumpkin":1,"minecraft:wooden_sword":1,"minecraft:arrow":12,"minecraft:bow":1,"minecraft:stone_pickaxe":1,"minecraft:wooden_pickaxe":1,"minecraft:bamboo_slab":1,"minecraft:bone":3,"unusualprehistory:plant_fossil_item":8,"darkestsouls:siderite_fragment":2},"minecraft:mined":{"minecraft:bamboo_slab":1,"darkestsouls:siderite_ore":2,"iceandfire:silver_ore":1,"minecraft:red_bed":1,"minecraft:red_stained_glass":3,"minecraft:jungle_leaves":3,"minecraft:clay":1,"minecraft:crafting_table":2,"minecraft:stone_brick_wall":1,"minecraft:grass_block":7,"minecraft:jungle_planks":1,"unusualprehistory:plant_fossil":8,"minecraft:jungle_log":11,"minecraft:andesite_wall":1,"minecraft:stone_slab":1,"minecraft:tall_grass":5,"minecraft:hay_block":21,"minecraft:coarse_dirt":1,"minecraft:furnace":4,"minecraft:iron_ore":14,"minecraft:pumpkin":1,"minecraft:yellow_bed":1,"minecraft:grass":6,"minecraft:oak_log":10,"minecraft:coal_ore":29,"minecraft:cave_vines":3,"minecraft:vine":7,"minecraft:dirt":14,"minecraft:bamboo":4,"minecraft:stone":46,"minecraft:oak_leaves":7},"minecraft:used":{"minecraft:stone_pickaxe":78,"minecraft:oak_planks":7,"minecraft:wooden_pickaxe":4,"minecraft:stone":3,"minecraft:iron_sword":28,"minecraft:jungle_boat":1,"minecraft:torch":1,"minecraft:dirt":14,"minecraft:crafting_table":4,"minecraft:jungle_planks":7,"minecraft:wooden_axe":6,"minecraft:iron_axe":40,"minecraft:bread":17,"minecraft:iron_pickaxe":37,"minecraft:stone_axe":5,"minecraft:wooden_sword":4,"minecraft:cobblestone":32,"minecraft:furnace":4,"minecraft:oak_boat":1,"tombstone:gift":2,"minecraft:yellow_bed":1,"minecraft:cooked_beef":3}},"DataVersion":3465}