{"stats":{"minecraft:picked_up":{"minecraft:iron_chestplate":4,"minecraft:crafting_table":1,"minecraft:coarse_dirt":1,"minecraft:wheat":32,"iceandfire:witherbone":3,"minecraft:clay_ball":4,"minecraft:leather_leggings":3,"minecraft:diamond_sword":2,"minecraft:stone_slab":2,"enemyexpansion:wasp_thorax":1,"minecraft:stone_brick_wall":1,"minecraft:wither_rose":1,"minecraft:stone_brick_stairs":2,"minecraft:shield":1,"minecraft:string":4,"minecraft:red_bed":1,"minecraft:raw_copper":3,"minecraft:iron_leggings":1,"minecraft:sea_pickle":2,"minecraft:cracked_stone_bricks":3,"bosses_of_mass_destruction:soul_star":1,"minecraft:beef":13,"unusualprehistory:plant_fossil_item":8,"minecraft:light_gray_wool":1,"minecraft:iron_boots":5,"minecraft:furnace":6,"minecraft:tipped_arrow":2,"minecraft:raw_iron":22,"gnumus:juicy_meat":4,"minecraft:torch":2,"minecraft:bamboo_slab":1,"sophisticatedbackpacks:backpack":2,"minecraft:porkchop":14,"tombstone:grave_dust":19,"minecraft:carrot":21,"minecraft:prismarine_crystals":1,"minecraft:golden_chestplate":1,"minecraft:andesite_wall":1,"minecraft:arrow":20,"minecraft:rotten_flesh":57,"minecraft:hay_block":21,"gnumus:gnumus_chickpeas":5,"gnumus:mouse_skin":12,"minecraft:skeleton_skull":2,"minecraft:mutton":14,"minecraft:iron_bars":3,"minecraft:white_wool":6,"minecraft:cobblestone":197,"gnumus:gnumus_doubloons":5,"minecraft:jungle_boat":1,"minecraft:cooked_beef":3,"minecraft:iron_door":1,"minecraft:andesite":11,"minecraft:jungle_log":11,"gnumus:overripe_carrot":4,"minecraft:leather":17,"minecraft:golden_leggings":1,"minecraft:potato":13,"minecraft:oak_log":10,"minecraft:chainmail_chestplate":1,"minecraft:golden_boots":2,"minecraft:yellow_bed":1,"minecraft:dirt":26,"minecraft:lantern":1,"tombstone:gift":2,"minecraft:leather_boots":3,"minecraft:bone":8,"minecraft:stone_bricks":5,"minecraft:bow":2,"minecraft:wheat_seeds":10,"minecraft:iron_ingot":1,"minecraft:mossy_stone_bricks":5,"minecraft:diamond_helmet":2,"minecraft:bamboo":50,"minecraft:iron_sword":4,"minecraft:oak_planks":6,"spartanweaponry:iron_saber":1,"minecraft:pumpkin":1,"minecraft:gravel":2,"iceandfire:shiny_scales":4,"minecraft:jungle_planks":3,"sophisticatedbackpacks:iron_backpack":1,"minecraft:spider_eye":1,"minecraft:mossy_cobblestone":1,"minecraft:leather_helmet":2,"darkestsouls:siderite_fragment":2,"minecraft:diamond":1,"minecraft:chainmail_leggings":1,"iceandfire:dragon_ice":1,"minecraft:iron_helmet":1,"minecraft:spruce_sign":1,"minecraft:bread":7,"darkestsouls:small_soul_fragment":3,"iceandfire:silver_nugget":14,"minecraft:coal":40,"iceandfire:raw_silver":1},"minecraft:killed_by":{"iceandfire:siren":1},"minecraft:custom":{"minecraft:interact_with_smithing_table":1,"minecraft:mob_kills":128,"minecraft:inspect_hopper":1,"minecraft:interact_with_crafting_table":15,"minecraft:damage_dealt_resisted":334,"minecraft:eat_cake_slice":5,"minecraft:leave_game":2,"minecraft:time_since_death":102468,"minecraft:climb_one_cm":19082,"minecraft:sprint_one_cm":411762,"minecraft:walk_one_cm":356903,"minecraft:damage_blocked_by_shield":780,"minecraft:drop":146,"minecraft:damage_dealt_absorbed":40,"minecraft:play_time":156330,"minecraft:deaths":1,"minecraft:sneak_time":2620,"minecraft:walk_under_water_one_cm":7310,"minecraft:boat_one_cm":178807,"minecraft:jump":7598,"minecraft:walk_on_water_one_cm":14816,"minecraft:total_world_time":156330,"minecraft:interact_with_furnace":14,"minecraft:sleep_in_bed":2,"minecraft:time_since_rest":102416,"minecraft:waystone_activated":1,"minecraft:damage_taken":2878,"minecraft:damage_dealt":20891,"minecraft:swim_one_cm":49963,"minecraft:fly_one_cm":371809,"minecraft:open_chest":62,"minecraft:crouch_one_cm":6686,"tombstone:undead_killed":89,"minecraft:fall_one_cm":51333},"minecraft:crafted":{"minecraft:wooden_sword":1,"minecraft:oak_planks":40,"minecraft:furnace":1,"minecraft:iron_axe":1,"minecraft:stone_pickaxe":1,"minecraft:wheat":189,"minecraft:cooked_porkchop":6,"minecraft:crafting_table":3,"minecraft:wooden_pickaxe":1,"minecraft:iron_sword":1,"minecraft:bread":73,"minecraft:air":0,"minecraft:jungle_planks":42,"minecraft:oak_boat":1,"minecraft:stick":16,"minecraft:iron_pickaxe":1,"minecraft:iron_ingot":12,"minecraft:wooden_axe":1},"minecraft:killed":{"minecraft:spider":2,"minecraft:skeleton":2,"darkestsouls:beast_patient":1,"minecraft:pig":7,"darkestsouls:gravetender_hollow_broken_straightsword":1,"minecraft:sheep":7,"darkestsouls:skeleton_spear":2,"minecraft:zombie":77,"enemyexpansion:huntsman":1,"enemyexpansion:botfly":9,"minecraft:stray":5,"darkestsouls:cloaked_beast_patient":1,"minecraft:wither_skeleton":2,"minecraft:cow":10,"darkestsouls:gravetender_hollow_longsword":1},"minecraft:dropped":{"minecraft:bread":24,"minecraft:spruce_sign":1,"minecraft:iron_ingot":9,"iceandfire:raw_silver":1,"minecraft:wheat_seeds":10,"minecraft:mossy_cobblestone":1,"darkestsouls:small_soul_fragment":3,"minecraft:iron_helmet":1,"minecraft:cobblestone":35,"minecraft:prismarine_crystals":1,"minecraft:andesite_wall":1,"minecraft:lantern":1,"minecraft:jungle_planks":53,"minecraft:coal":2,"minecraft:leather_helmet":2,"minecraft:dirt":12,"minecraft:wooden_axe":1,"tombstone:grave_dust":18,"minecraft:wooden_sword":1,"minecraft:pumpkin":1,"minecraft:bamboo_slab":1,"darkestsouls:siderite_fragment":2,"unusualprehistory:plant_fossil_item":8,"minecraft:redstone":1,"minecraft:bone":5,"minecraft:gravel":2,"minecraft:stone_axe":1,"minecraft:coarse_dirt":1,"minecraft:wheat":2,"iceandfire:witherbone":3,"minecraft:raw_iron":6,"tombstone:gift":3,"minecraft:rotten_flesh":42,"minecraft:light_gray_wool":1,"minecraft:clay_ball":4,"minecraft:iron_boots":1,"sophisticatedbackpacks:backpack":1,"minecraft:stone_slab":1,"minecraft:pumpkin_seeds":6,"iceandfire:shiny_scales":4,"patchouli:guide_book":1,"bosses_of_mass_destruction:soul_star":1,"minecraft:sea_pickle":2,"minecraft:iron_chestplate":1,"minecraft:golden_leggings":1,"minecraft:mossy_stone_bricks":3,"minecraft:stone_brick_wall":1,"minecraft:leather_boots":1,"minecraft:leather_leggings":2,"minecraft:stone_bricks":1,"minecraft:spider_eye":1,"minecraft:arrow":12,"minecraft:bow":1,"minecraft:wooden_pickaxe":1,"minecraft:stone_pickaxe":1,"minecraft:golden_boots":1},"minecraft:mined":{"darkestsouls:siderite_ore":2,"iceandfire:silver_ore":1,"minecraft:mossy_cobblestone":1,"minecraft:red_stained_glass":3,"minecraft:jungle_leaves":3,"iceandfire:frozen_stone":2,"minecraft:grass_block":9,"minecraft:stone_brick_wall":1,"minecraft:jungle_planks":1,"unusualprehistory:plant_fossil":8,"minecraft:jungle_log":11,"iceandfire:dragon_ice":1,"minecraft:spawner":2,"minecraft:hay_block":21,"minecraft:furnace":5,"minecraft:carrots":12,"minecraft:iron_ore":21,"minecraft:andesite":11,"minecraft:pumpkin":1,"minecraft:potatoes":12,"minecraft:cave_vines":3,"minecraft:vine":18,"minecraft:iron_bars":2,"gnumus:fragile_gnumus_jug":1,"minecraft:bamboo":4,"minecraft:stone":189,"minecraft:bamboo_slab":1,"minecraft:red_bed":1,"minecraft:clay":1,"minecraft:crafting_table":2,"minecraft:andesite_wall":1,"minecraft:stone_slab":2,"minecraft:copper_ore":1,"minecraft:tall_grass":8,"minecraft:cobblestone":9,"minecraft:iron_door":1,"minecraft:oak_planks":9,"minecraft:wall_torch":1,"minecraft:skeleton_skull":2,"minecraft:coarse_dirt":1,"minecraft:wither_rose":1,"minecraft:stone_brick_stairs":2,"minecraft:yellow_bed":1,"minecraft:grass":9,"iceandfire:silver_pile":2,"minecraft:oak_log":10,"minecraft:coal_ore":39,"minecraft:gravel":1,"minecraft:dirt":18,"minecraft:cracked_stone_bricks":3,"minecraft:stone_bricks":4,"minecraft:mossy_stone_bricks":3,"minecraft:oak_leaves":9},"minecraft:used":{"minecraft:iron_bars":1,"minecraft:shield":10,"minecraft:stone":3,"minecraft:iron_sword":387,"minecraft:torch":6,"minecraft:dirt":14,"minecraft:jungle_planks":7,"minecraft:wooden_axe":6,"minecraft:iron_axe":40,"minecraft:stone_brick_stairs":2,"minecraft:stone_bricks":4,"minecraft:bow":12,"minecraft:furnace":7,"tombstone:gift":4,"minecraft:cooked_beef":3,"minecraft:water_bucket":19,"minecraft:mossy_stone_bricks":2,"minecraft:stone_pickaxe":78,"minecraft:oak_planks":44,"minecraft:wooden_pickaxe":4,"minecraft:jungle_boat":1,"minecraft:cracked_stone_bricks":3,"minecraft:crafting_table":4,"minecraft:red_bed":1,"spartanweaponry:iron_saber":29,"minecraft:bread":60,"minecraft:iron_pickaxe":248,"minecraft:stone_axe":48,"minecraft:wooden_sword":4,"minecraft:cobblestone":106,"minecraft:cooked_porkchop":4,"minecraft:bucket":20,"minecraft:andesite":11,"minecraft:yellow_bed":1,"minecraft:oak_boat":1},"minecraft:broken":{"minecraft:iron_sword":1}},"DataVersion":3465}