{"stats":{"minecraft:picked_up":{"minecraft:coarse_dirt":1,"minecraft:crafting_table":1,"minecraft:iron_chestplate":1,"minecraft:wheat":32,"minecraft:cooked_beef":3,"minecraft:clay_ball":4,"minecraft:jungle_log":11,"minecraft:stone_slab":1,"enemyexpansion:wasp_thorax":1,"minecraft:oak_log":7,"minecraft:dirt":20,"minecraft:lantern":1,"minecraft:bone":1,"minecraft:sea_pickle":2,"minecraft:bow":1,"minecraft:wheat_seeds":1,"unusualprehistory:plant_fossil_item":8,"minecraft:bamboo":50,"minecraft:iron_boots":1,"minecraft:furnace":1,"minecraft:raw_iron":14,"minecraft:pumpkin":1,"minecraft:bamboo_slab":1,"minecraft:porkchop":2,"tombstone:grave_dust":3,"minecraft:rotten_flesh":1,"darkestsouls:siderite_fragment":2,"minecraft:arrow":10,"minecraft:diamond":1,"minecraft:chainmail_leggings":1,"minecraft:hay_block":7,"minecraft:iron_helmet":1,"minecraft:spruce_sign":1,"darkestsouls:small_soul_fragment":3,"minecraft:coal":28,"iceandfire:raw_silver":1,"minecraft:cobblestone":44},"minecraft:custom":{"minecraft:interact_with_furnace":3,"minecraft:mob_kills":2,"minecraft:inspect_hopper":1,"minecraft:interact_with_crafting_table":11,"minecraft:leave_game":1,"minecraft:time_since_death":39151,"minecraft:climb_one_cm":6350,"minecraft:time_since_rest":39151,"minecraft:sprint_one_cm":40494,"minecraft:damage_taken":435,"minecraft:walk_one_cm":72299,"minecraft:drop":18,"minecraft:damage_dealt":646,"minecraft:swim_one_cm":8949,"minecraft:fly_one_cm":46566,"minecraft:open_chest":2,"minecraft:crouch_one_cm":3375,"minecraft:play_time":39151,"minecraft:sneak_time":1346,"minecraft:walk_under_water_one_cm":974,"minecraft:jump":478,"minecraft:walk_on_water_one_cm":3125,"minecraft:total_world_time":39151,"minecraft:fall_one_cm":10970},"minecraft:crafted":{"minecraft:wooden_sword":1,"minecraft:oak_planks":28,"minecraft:crafting_table":2,"minecraft:wooden_pickaxe":1,"minecraft:iron_sword":1,"minecraft:furnace":1,"minecraft:bread":31,"minecraft:air":0,"minecraft:jungle_planks":42,"minecraft:iron_axe":1,"minecraft:stick":16,"minecraft:iron_ingot":8,"minecraft:iron_pickaxe":1,"minecraft:stone_pickaxe":1,"minecraft:wooden_axe":1,"minecraft:wheat":63},"minecraft:killed":{"minecraft:pig":1,"darkestsouls:gravetender_hollow_broken_straightsword":1},"minecraft:dropped":{"minecraft:spruce_sign":1,"iceandfire:raw_silver":1,"minecraft:wheat_seeds":1,"minecraft:coarse_dirt":1,"darkestsouls:small_soul_fragment":3,"minecraft:cobblestone":1,"minecraft:clay_ball":4,"minecraft:lantern":1,"minecraft:stone_slab":1,"patchouli:guide_book":1,"minecraft:dirt":6,"minecraft:sea_pickle":2,"tombstone:grave_dust":2,"minecraft:arrow":9,"minecraft:bamboo_slab":1,"unusualprehistory:plant_fossil_item":8,"darkestsouls:siderite_fragment":2},"minecraft:mined":{"minecraft:bamboo_slab":1,"darkestsouls:siderite_ore":2,"iceandfire:silver_ore":1,"minecraft:jungle_leaves":3,"minecraft:clay":1,"minecraft:crafting_table":2,"minecraft:grass_block":7,"unusualprehistory:plant_fossil":8,"minecraft:jungle_log":11,"minecraft:stone_slab":1,"minecraft:hay_block":7,"minecraft:coarse_dirt":1,"minecraft:furnace":1,"minecraft:iron_ore":14,"minecraft:pumpkin":1,"minecraft:grass":4,"minecraft:oak_log":7,"minecraft:coal_ore":29,"minecraft:cave_vines":3,"minecraft:vine":5,"minecraft:dirt":14,"minecraft:bamboo":4,"minecraft:stone":45,"minecraft:oak_leaves":5},"minecraft:used":{"minecraft:stone_pickaxe":78,"minecraft:wooden_pickaxe":4,"minecraft:iron_sword":10,"minecraft:dirt":14,"minecraft:crafting_table":3,"minecraft:jungle_planks":7,"minecraft:wooden_axe":6,"minecraft:iron_axe":26,"minecraft:bread":5,"minecraft:iron_pickaxe":26,"minecraft:wooden_sword":4,"minecraft:cobblestone":32,"minecraft:furnace":1,"minecraft:cooked_beef":3}},"DataVersion":3465}