{"stats":{"minecraft:picked_up":{"minecraft:wheat":32,"minecraft:iron_chestplate":4,"minecraft:crafting_table":1,"minecraft:coarse_dirt":1,"iceandfire:witherbone":3,"minecraft:clay_ball":4,"minecraft:leather_leggings":3,"minecraft:diamond_sword":2,"minecraft:stone_slab":1,"enemyexpansion:wasp_thorax":1,"minecraft:stone_brick_wall":1,"minecraft:shield":1,"minecraft:string":1,"minecraft:red_bed":1,"minecraft:iron_leggings":1,"minecraft:sea_pickle":2,"bosses_of_mass_destruction:soul_star":1,"minecraft:beef":4,"unusualprehistory:plant_fossil_item":8,"minecraft:light_gray_wool":1,"minecraft:iron_boots":5,"minecraft:furnace":5,"minecraft:tipped_arrow":2,"minecraft:raw_iron":17,"minecraft:torch":2,"minecraft:bamboo_slab":1,"sophisticatedbackpacks:backpack":2,"minecraft:porkchop":7,"tombstone:grave_dust":18,"minecraft:golden_chestplate":1,"minecraft:prismarine_crystals":1,"minecraft:andesite_wall":1,"minecraft:arrow":20,"minecraft:rotten_flesh":42,"minecraft:hay_block":21,"minecraft:mutton":5,"minecraft:iron_bars":3,"minecraft:cobblestone":45,"minecraft:white_wool":2,"minecraft:jungle_boat":1,"minecraft:cooked_beef":3,"minecraft:iron_door":1,"minecraft:jungle_log":11,"minecraft:leather":1,"minecraft:golden_leggings":1,"minecraft:potato":1,"minecraft:oak_log":10,"minecraft:yellow_bed":1,"minecraft:dirt":20,"minecraft:lantern":1,"tombstone:gift":2,"minecraft:leather_boots":1,"minecraft:bone":8,"minecraft:bow":2,"minecraft:wheat_seeds":1,"minecraft:iron_ingot":1,"minecraft:diamond_helmet":1,"minecraft:mossy_stone_bricks":2,"minecraft:bamboo":50,"minecraft:oak_planks":6,"minecraft:iron_sword":4,"minecraft:pumpkin":1,"minecraft:gravel":2,"iceandfire:shiny_scales":4,"minecraft:jungle_planks":3,"sophisticatedbackpacks:iron_backpack":1,"minecraft:mossy_cobblestone":1,"minecraft:spider_eye":1,"minecraft:leather_helmet":1,"darkestsouls:siderite_fragment":2,"minecraft:diamond":1,"minecraft:chainmail_leggings":1,"minecraft:iron_helmet":1,"minecraft:spruce_sign":1,"minecraft:bread":5,"darkestsouls:small_soul_fragment":3,"minecraft:coal":30,"iceandfire:raw_silver":1},"minecraft:killed_by":{"iceandfire:siren":1},"minecraft:custom":{"minecraft:interact_with_smithing_table":1,"minecraft:mob_kills":71,"minecraft:inspect_hopper":1,"minecraft:interact_with_crafting_table":15,"minecraft:damage_dealt_resisted":334,"minecraft:eat_cake_slice":5,"minecraft:leave_game":1,"minecraft:time_since_death":45289,"minecraft:climb_one_cm":17324,"minecraft:sprint_one_cm":247768,"minecraft:walk_one_cm":228927,"minecraft:damage_blocked_by_shield":540,"minecraft:drop":84,"minecraft:play_time":99151,"minecraft:deaths":1,"minecraft:sneak_time":1672,"minecraft:walk_under_water_one_cm":3694,"minecraft:boat_one_cm":178807,"minecraft:jump":4076,"minecraft:walk_on_water_one_cm":10298,"minecraft:total_world_time":99151,"minecraft:interact_with_furnace":10,"minecraft:sleep_in_bed":2,"minecraft:time_since_rest":45237,"minecraft:damage_taken":1663,"minecraft:damage_dealt":12482,"minecraft:swim_one_cm":35326,"minecraft:fly_one_cm":174947,"minecraft:open_chest":33,"minecraft:crouch_one_cm":4561,"tombstone:undead_killed":54,"minecraft:fall_one_cm":28907},"minecraft:crafted":{"minecraft:wooden_sword":1,"minecraft:oak_planks":40,"minecraft:furnace":1,"minecraft:iron_axe":1,"minecraft:stone_pickaxe":1,"minecraft:wheat":189,"minecraft:cooked_porkchop":2,"minecraft:crafting_table":3,"minecraft:wooden_pickaxe":1,"minecraft:iron_sword":1,"minecraft:bread":73,"minecraft:air":0,"minecraft:jungle_planks":42,"minecraft:oak_boat":1,"minecraft:stick":16,"minecraft:iron_ingot":12,"minecraft:iron_pickaxe":1,"minecraft:wooden_axe":1},"minecraft:killed":{"minecraft:spider":2,"minecraft:skeleton":2,"minecraft:pig":4,"darkestsouls:gravetender_hollow_broken_straightsword":1,"minecraft:sheep":3,"darkestsouls:skeleton_spear":2,"minecraft:zombie":43,"enemyexpansion:botfly":2,"minecraft:stray":5,"darkestsouls:cloaked_beast_patient":1,"minecraft:wither_skeleton":2,"minecraft:cow":4},"minecraft:dropped":{"minecraft:bread":24,"minecraft:iron_ingot":9,"minecraft:spruce_sign":1,"iceandfire:raw_silver":1,"minecraft:wheat_seeds":1,"darkestsouls:small_soul_fragment":3,"minecraft:cobblestone":1,"minecraft:prismarine_crystals":1,"minecraft:andesite_wall":1,"minecraft:lantern":1,"minecraft:jungle_planks":53,"minecraft:coal":1,"minecraft:dirt":6,"minecraft:wooden_axe":1,"tombstone:grave_dust":9,"minecraft:wooden_sword":1,"minecraft:pumpkin":1,"minecraft:bamboo_slab":1,"darkestsouls:siderite_fragment":2,"unusualprehistory:plant_fossil_item":8,"minecraft:bone":4,"minecraft:gravel":1,"minecraft:stone_axe":1,"minecraft:coarse_dirt":1,"minecraft:wheat":2,"tombstone:gift":2,"iceandfire:witherbone":2,"minecraft:raw_iron":6,"minecraft:rotten_flesh":13,"minecraft:light_gray_wool":1,"minecraft:clay_ball":4,"sophisticatedbackpacks:backpack":1,"minecraft:stone_slab":1,"patchouli:guide_book":1,"iceandfire:shiny_scales":4,"minecraft:sea_pickle":2,"minecraft:mossy_stone_bricks":1,"minecraft:stone_brick_wall":1,"minecraft:leather_leggings":1,"minecraft:spider_eye":1,"minecraft:arrow":12,"minecraft:bow":1,"minecraft:stone_pickaxe":1,"minecraft:wooden_pickaxe":1},"minecraft:mined":{"darkestsouls:siderite_ore":2,"iceandfire:silver_ore":1,"minecraft:mossy_cobblestone":1,"minecraft:red_stained_glass":3,"minecraft:jungle_leaves":3,"minecraft:grass_block":7,"minecraft:stone_brick_wall":1,"minecraft:jungle_planks":1,"unusualprehistory:plant_fossil":8,"minecraft:jungle_log":11,"minecraft:spawner":2,"minecraft:hay_block":21,"minecraft:furnace":4,"minecraft:iron_ore":16,"minecraft:pumpkin":1,"minecraft:cave_vines":3,"minecraft:vine":16,"minecraft:iron_bars":2,"minecraft:bamboo":4,"minecraft:stone":46,"minecraft:bamboo_slab":1,"minecraft:red_bed":1,"minecraft:clay":1,"minecraft:crafting_table":2,"minecraft:andesite_wall":1,"minecraft:stone_slab":1,"minecraft:tall_grass":5,"minecraft:oak_planks":9,"minecraft:iron_door":1,"minecraft:wall_torch":1,"minecraft:coarse_dirt":1,"minecraft:yellow_bed":1,"minecraft:grass":6,"minecraft:coal_ore":29,"minecraft:oak_log":10,"minecraft:gravel":1,"minecraft:dirt":14,"minecraft:mossy_stone_bricks":1,"minecraft:oak_leaves":8},"minecraft:used":{"minecraft:iron_bars":1,"minecraft:shield":6,"minecraft:stone":3,"minecraft:iron_sword":226,"minecraft:torch":1,"minecraft:dirt":14,"minecraft:jungle_planks":7,"minecraft:wooden_axe":6,"minecraft:iron_axe":40,"minecraft:bow":3,"minecraft:furnace":5,"tombstone:gift":4,"minecraft:cooked_beef":3,"minecraft:stone_pickaxe":78,"minecraft:oak_planks":42,"minecraft:wooden_pickaxe":4,"minecraft:jungle_boat":1,"minecraft:crafting_table":4,"minecraft:red_bed":1,"minecraft:bread":35,"minecraft:iron_pickaxe":47,"minecraft:stone_axe":48,"minecraft:wooden_sword":4,"minecraft:cobblestone":36,"minecraft:yellow_bed":1,"minecraft:oak_boat":1}},"DataVersion":3465}