{"stats":{"minecraft:picked_up":{"minecraft:raw_iron":8,"minecraft:jungle_log":11,"minecraft:dirt":14,"minecraft:wheat_seeds":1,"minecraft:bamboo":29,"minecraft:coal":9,"iceandfire:raw_silver":1,"minecraft:cobblestone":42},"minecraft:custom":{"minecraft:time_since_rest":21151,"minecraft:sprint_one_cm":2549,"minecraft:damage_taken":60,"minecraft:walk_one_cm":32324,"minecraft:drop":1,"minecraft:interact_with_crafting_table":3,"minecraft:fly_one_cm":2084,"minecraft:crouch_one_cm":3134,"minecraft:play_time":21151,"minecraft:sneak_time":1284,"minecraft:jump":97,"minecraft:leave_game":1,"minecraft:walk_on_water_one_cm":290,"minecraft:time_since_death":21151,"minecraft:climb_one_cm":1493,"minecraft:total_world_time":21151,"minecraft:fall_one_cm":2490},"minecraft:crafted":{"minecraft:wooden_sword":1,"minecraft:crafting_table":2,"minecraft:stick":16,"minecraft:wooden_pickaxe":1,"minecraft:stone_pickaxe":1,"minecraft:wooden_axe":1,"minecraft:jungle_planks":42},"minecraft:dropped":{"minecraft:wheat_seeds":1},"minecraft:mined":{"iceandfire:silver_ore":1,"minecraft:iron_ore":8,"minecraft:grass_block":5,"minecraft:coal_ore":9,"minecraft:vine":4,"minecraft:jungle_log":11,"minecraft:dirt":10,"minecraft:bamboo":2,"minecraft:stone":43,"minecraft:oak_leaves":5},"minecraft:used":{"minecraft:wooden_axe":6,"minecraft:stone_pickaxe":57,"minecraft:wooden_pickaxe":4,"minecraft:wooden_sword":4,"minecraft:dirt":12,"minecraft:cobblestone":26,"minecraft:crafting_table":1}},"DataVersion":3465}