{"stats":{"minecraft:picked_up":{"minecraft:jungle_log":6},"minecraft:killed_by":{"minecraft:player":1},"minecraft:custom":{"minecraft:time_since_rest":1820,"minecraft:crouch_one_cm":725,"minecraft:sprint_one_cm":15660,"minecraft:play_time":4091,"minecraft:walk_one_cm":4567,"minecraft:damage_taken":201,"minecraft:deaths":1,"minecraft:sneak_time":373,"minecraft:walk_under_water_one_cm":153,"minecraft:jump":63,"minecraft:damage_dealt":50,"minecraft:leave_game":1,"minecraft:walk_on_water_one_cm":515,"minecraft:time_since_death":2022,"minecraft:climb_one_cm":136,"minecraft:total_world_time":4091,"minecraft:swim_one_cm":6583,"minecraft:fall_one_cm":1314,"minecraft:fly_one_cm":12000},"minecraft:crafted":{"minecraft:crafting_table":1,"minecraft:stick":8,"minecraft:jungle_planks":24},"minecraft:mined":{"minecraft:grass":2,"minecraft:jungle_log":6,"minecraft:oak_leaves":7}},"DataVersion":3465}