{"stats":{"minecraft:killed_by":{"iceandfire:ghost":3},"minecraft:killed":{"minecraft:spider":4,"aquaculture:smallmouth_bass":1,"minecraft:sheep":3,"darkestsouls:skeleton_spear":1,"aquaculture:minnow":3,"minecraft:zombie":3,"minecraft:chicken":1,"darkestsouls:skeleton_falchion":1},"minecraft:crafted":{"minecraft:oak_planks":20,"minecraft:stone_shovel":1,"minecraft:crafting_table":2,"minecraft:spruce_planks":36,"minecraft:wooden_pickaxe":1,"minecraft:iron_helmet":1,"minecraft:furnace":2,"minecraft:stone_axe":1,"minecraft:cooked_mutton":6,"minecraft:bread":6,"minecraft:air":0,"minecraft:iron_boots":1,"minecraft:iron_chestplate":1,"minecraft:charcoal":6,"minecraft:stick":16,"minecraft:iron_ingot":24,"minecraft:stone_pickaxe":1,"minecraft:stone_sword":1,"minecraft:iron_leggings":1,"minecraft:torch":16,"minecraft:wheat":18},"minecraft:custom":{"minecraft:interact_with_furnace":24,"spartanshields:shield_bash_hits":1,"minecraft:mob_kills":17,"minecraft:interact_with_crafting_table":13,"minecraft:open_barrel":1,"minecraft:time_since_death":30369,"minecraft:climb_one_cm":97,"minecraft:time_since_rest":29562,"minecraft:waystone_activated":1,"minecraft:sprint_one_cm":140372,"minecraft:damage_taken":1275,"minecraft:walk_one_cm":57681,"minecraft:damage_blocked_by_shield":60,"minecraft:trigger_trapped_chest":1,"minecraft:drop":11,"minecraft:damage_dealt":2675,"minecraft:swim_one_cm":14120,"minecraft:fly_one_cm":132160,"minecraft:open_chest":22,"minecraft:crouch_one_cm":3099,"minecraft:play_time":36830,"tombstone:undead_killed":5,"minecraft:deaths":3,"minecraft:sneak_time":1644,"minecraft:walk_under_water_one_cm":1199,"minecraft:jump":632,"minecraft:walk_on_water_one_cm":3624,"minecraft:total_world_time":36830,"minecraft:fall_one_cm":13273},"minecraft:mined":{"minecraft:podzol":2,"minecraft:spruce_planks":1,"iceandfire:graveyard_soil":4,"minecraft:mossy_cobblestone":6,"minecraft:crafting_table":3,"minecraft:grass_block":9,"minecraft:decorated_pot":1,"minecraft:tall_grass":1,"minecraft:copper_ore":2,"minecraft:cobblestone":9,"minecraft:sugar_cane":1,"minecraft:oak_planks":2,"minecraft:wall_torch":2,"minecraft:spawner":6,"minecraft:hay_block":2,"minecraft:coarse_dirt":3,"gnumus:gnumus_clay_block":1,"minecraft:furnace":4,"minecraft:iron_ore":26,"minecraft:spruce_log":16,"minecraft:wither_rose":1,"minecraft:grass":1,"minecraft:bookshelf":4,"minecraft:oak_log":5,"minecraft:coal_ore":4,"minecraft:oak_stairs":1,"minecraft:iron_bars":2,"minecraft:flower_pot":1,"minecraft:dirt":22,"minecraft:stone":32,"minecraft:fern":1},"minecraft:dropped":{"minecraft:raw_copper":9,"minecraft:mossy_cobblestone":6,"minecraft:cobblestone":3,"minecraft:rotten_flesh":3,"aquaculture:minnow":6,"minecraft:stick":3,"minecraft:flower_pot":1,"minecraft:wooden_pickaxe":1},"minecraft:picked_up":{"minecraft:shelter_pottery_sherd":1,"minecraft:charcoal":1,"minecraft:coarse_dirt":1,"minecraft:crafting_table":3,"minecraft:feather":2,"minecraft:chicken":1,"minecraft:flower_pot":1,"minecraft:wither_rose":1,"minecraft:oak_log":5,"minecraft:brick":3,"minecraft:string":5,"minecraft:dirt":18,"minecraft:raw_copper":9,"minecraft:bone":1,"iceandfire:graveyard_soil":4,"minecraft:spruce_planks":1,"aquaculture:minnow":9,"minecraft:light_gray_wool":1,"minecraft:sugar_cane":2,"minecraft:oak_planks":1,"minecraft:furnace":3,"minecraft:book":12,"aquaculture:smallmouth_bass":1,"minecraft:raw_iron":26,"minecraft:torch":2,"minecraft:spruce_log":24,"minecraft:spider_eye":3,"minecraft:mossy_cobblestone":6,"minecraft:rotten_flesh":5,"minecraft:hay_block":2,"darkestsouls:titanite_fragment":3,"tombstone:magic_scroll":1,"minecraft:iron_bars":2,"minecraft:mutton":6,"minecraft:coal":4,"minecraft:white_wool":2,"minecraft:cobblestone":36},"minecraft:used":{"minecraft:cooked_mutton":2,"minecraft:stone_sword":55,"simplyswords:gold_halberd":16,"minecraft:stone_shovel":32,"minecraft:stone_pickaxe":77,"minecraft:oak_planks":3,"minecraft:shield":2,"minecraft:spruce_planks":14,"minecraft:wooden_pickaxe":16,"minecraft:torch":11,"minecraft:dirt":19,"minecraft:crafting_table":4,"minecraft:bread":6,"iceandfire:graveyard_soil":4,"minecraft:stone_axe":27,"minecraft:cobblestone":8,"minecraft:furnace":4,"aquaculture:smallmouth_bass":1,"minecraft:cooked_beef":1,"minecraft:coarse_dirt":3}},"DataVersion":3465}