{"stats":{"minecraft:killed_by":{"minecraft:skeleton":1,"iceandfire:ghost":3,"cave_dweller:cave_dweller":1},"minecraft:killed":{"minecraft:spider":6,"aquaculture:smallmouth_bass":1,"orcz:bannerman":1,"minecraft:skeleton":3,"minecraft:chicken":1,"darkestsouls:skeleton_falchion":1,"minecraft:bat":1,"minecraft:sheep":3,"darkestsouls:skeleton_spear":1,"aquaculture:minnow":3,"minecraft:zombie":11,"enemyexpansion:botfly":3,"minecraft:stray":4,"orcz:goblin_2sword":1},"minecraft:crafted":{"minecraft:oak_planks":20,"minecraft:stone_shovel":1,"minecraft:furnace":2,"minecraft:cooked_mutton":6,"minecraft:iron_boots":1,"minecraft:stone_pickaxe":1,"minecraft:wheat":18,"minecraft:crafting_table":2,"minecraft:spruce_planks":36,"minecraft:wooden_pickaxe":1,"minecraft:iron_helmet":1,"minecraft:iron_sword":1,"minecraft:stone_axe":1,"minecraft:bread":6,"minecraft:air":0,"minecraft:iron_chestplate":1,"minecraft:charcoal":6,"minecraft:stick":20,"minecraft:iron_ingot":24,"minecraft:stone_sword":1,"minecraft:iron_leggings":1,"minecraft:torch":16},"minecraft:custom":{"minecraft:mob_kills":44,"minecraft:interact_with_crafting_table":14,"minecraft:open_barrel":1,"minecraft:damage_dealt_resisted":389,"minecraft:leave_game":1,"minecraft:time_since_death":19854,"minecraft:climb_one_cm":408,"minecraft:sprint_one_cm":285498,"minecraft:walk_one_cm":131698,"minecraft:damage_blocked_by_shield":390,"minecraft:drop":14,"minecraft:play_time":65154,"minecraft:deaths":5,"minecraft:sneak_time":4295,"minecraft:walk_under_water_one_cm":1671,"minecraft:jump":861,"minecraft:walk_on_water_one_cm":5349,"minecraft:total_world_time":65154,"minecraft:interact_with_furnace":24,"spartanshields:shield_bash_hits":1,"minecraft:time_since_rest":17586,"minecraft:waystone_activated":1,"minecraft:damage_taken":3184,"minecraft:damage_absorbed":40,"minecraft:trigger_trapped_chest":1,"minecraft:damage_dealt":6200,"minecraft:fly_one_cm":185526,"minecraft:swim_one_cm":21849,"minecraft:open_chest":39,"minecraft:crouch_one_cm":7487,"tombstone:undead_killed":20,"minecraft:fall_one_cm":14502},"minecraft:broken":{"simplyswords:gold_halberd":1},"minecraft:mined":{"minecraft:spruce_planks":12,"minecraft:stone_pressure_plate":1,"iceandfire:graveyard_soil":4,"minecraft:mossy_cobblestone":8,"minecraft:grass_block":9,"minecraft:decorated_pot":1,"minecraft:chiseled_stone_bricks":1,"minecraft:spawner":18,"minecraft:hay_block":2,"minecraft:furnace":4,"minecraft:iron_ore":26,"minecraft:andesite":9,"minecraft:mossy_stone_brick_stairs":2,"minecraft:bookshelf":4,"minecraft:oak_stairs":1,"minecraft:iron_bars":7,"minecraft:stone":32,"minecraft:podzol":2,"minecraft:crafting_table":4,"minecraft:torch":1,"minecraft:copper_ore":2,"minecraft:tall_grass":1,"minecraft:cobblestone":9,"minecraft:oak_planks":2,"minecraft:sugar_cane":1,"minecraft:iron_door":1,"minecraft:wall_torch":2,"minecraft:coarse_dirt":3,"gnumus:gnumus_clay_block":1,"minecraft:spruce_log":16,"minecraft:jukebox":1,"minecraft:stone_brick_stairs":1,"minecraft:wither_rose":1,"minecraft:grass":1,"minecraft:coal_ore":4,"minecraft:oak_log":5,"minecraft:flower_pot":1,"minecraft:dirt":22,"minecraft:stone_bricks":1,"minecraft:mossy_stone_bricks":11,"minecraft:fern":1},"minecraft:dropped":{"minecraft:mossy_cobblestone":6,"minecraft:cobblestone":3,"aquaculture:minnow":6,"minecraft:stick":3,"minecraft:torch":4,"tombstone:grave_dust":1,"minecraft:stone_sword":1,"minecraft:raw_copper":9,"minecraft:rotten_flesh":3,"minecraft:flower_pot":1,"minecraft:wooden_pickaxe":1},"minecraft:picked_up":{"minecraft:crafting_table":4,"minecraft:coarse_dirt":1,"minecraft:charcoal":1,"minecraft:shelter_pottery_sherd":1,"minecraft:iron_chestplate":1,"minecraft:chicken":1,"minecraft:flower_pot":1,"minecraft:leather_leggings":1,"minecraft:wither_rose":1,"minecraft:brick":3,"minecraft:string":6,"minecraft:raw_copper":9,"iceandfire:graveyard_soil":4,"minecraft:spruce_planks":12,"minecraft:light_gray_wool":1,"minecraft:sugar_cane":2,"minecraft:furnace":3,"minecraft:iron_boots":1,"minecraft:tipped_arrow":1,"minecraft:raw_iron":26,"minecraft:jukebox":1,"minecraft:torch":8,"tombstone:grave_dust":2,"minecraft:stone_pressure_plate":1,"minecraft:arrow":9,"minecraft:rotten_flesh":10,"minecraft:hay_block":2,"darkestsouls:titanite_fragment":3,"minecraft:mutton":6,"minecraft:iron_bars":5,"minecraft:cobblestone":36,"minecraft:white_wool":2,"minecraft:feather":2,"minecraft:iron_door":1,"minecraft:andesite":9,"minecraft:oak_log":5,"minecraft:golden_boots":1,"minecraft:dirt":18,"minecraft:bone":10,"minecraft:stone_bricks":1,"minecraft:bow":1,"minecraft:mossy_stone_bricks":9,"aquaculture:minnow":9,"minecraft:oak_planks":1,"minecraft:book":12,"aquaculture:smallmouth_bass":1,"minecraft:chiseled_stone_bricks":1,"minecraft:spruce_log":24,"minecraft:spider_eye":3,"minecraft:mossy_cobblestone":8,"minecraft:leather_helmet":1,"tombstone:magic_scroll":1,"minecraft:coal":4},"minecraft:used":{"minecraft:stone_sword":108,"minecraft:stone_shovel":32,"minecraft:spruce_planks":42,"minecraft:shield":7,"minecraft:iron_sword":23,"minecraft:torch":39,"minecraft:dirt":19,"minecraft:stone_bricks":1,"minecraft:bow":9,"minecraft:furnace":4,"tombstone:gift":4,"minecraft:cooked_beef":8,"minecraft:cooked_mutton":6,"minecraft:mossy_stone_bricks":21,"simplyswords:gold_halberd":32,"minecraft:stone_pickaxe":106,"minecraft:oak_planks":3,"minecraft:wooden_pickaxe":16,"minecraft:chainmail_helmet":1,"minecraft:golden_apple":1,"minecraft:crafting_table":5,"minecraft:diamond_pickaxe":21,"minecraft:apple":5,"minecraft:bread":8,"iceandfire:graveyard_soil":4,"minecraft:stone_axe":39,"minecraft:cobblestone":8,"aquaculture:smallmouth_bass":1,"minecraft:coarse_dirt":3}},"DataVersion":3465}