{"stats":{"minecraft:killed_by":{"iceandfire:ghost":3},"minecraft:killed":{"minecraft:zombie":2},"minecraft:crafted":{"minecraft:oak_planks":20,"minecraft:stone_shovel":1,"minecraft:crafting_table":2,"minecraft:stick":12,"minecraft:iron_ingot":5,"minecraft:wooden_pickaxe":1,"minecraft:stone_pickaxe":1,"minecraft:stone_sword":1,"minecraft:furnace":1,"minecraft:stone_axe":1,"minecraft:air":0},"minecraft:custom":{"minecraft:time_since_rest":5562,"minecraft:interact_with_furnace":3,"minecraft:sprint_one_cm":42846,"minecraft:damage_taken":760,"minecraft:walk_one_cm":18543,"minecraft:trigger_trapped_chest":1,"minecraft:mob_kills":2,"minecraft:drop":1,"minecraft:damage_dealt":561,"minecraft:interact_with_crafting_table":4,"minecraft:fly_one_cm":54447,"minecraft:crouch_one_cm":1827,"minecraft:play_time":12830,"tombstone:undead_killed":2,"minecraft:deaths":3,"minecraft:sneak_time":1163,"minecraft:jump":292,"minecraft:time_since_death":6369,"minecraft:total_world_time":12830,"minecraft:climb_one_cm":97,"minecraft:fall_one_cm":5041},"minecraft:mined":{"minecraft:coarse_dirt":3,"iceandfire:graveyard_soil":4,"gnumus:gnumus_clay_block":1,"minecraft:mossy_cobblestone":6,"minecraft:iron_ore":26,"minecraft:crafting_table":1,"minecraft:wither_rose":1,"minecraft:coal_ore":3,"minecraft:grass_block":9,"minecraft:oak_log":5,"minecraft:oak_stairs":1,"minecraft:dirt":17,"minecraft:copper_ore":2,"minecraft:cobblestone":9,"minecraft:stone":24,"minecraft:oak_planks":2,"minecraft:fern":1},"minecraft:dropped":{"minecraft:wooden_pickaxe":1},"minecraft:picked_up":{"minecraft:raw_iron":26,"minecraft:crafting_table":1,"minecraft:coarse_dirt":1,"minecraft:wither_rose":1,"minecraft:oak_log":5,"minecraft:mossy_cobblestone":6,"minecraft:dirt":11,"minecraft:raw_copper":9,"minecraft:rotten_flesh":3,"iceandfire:graveyard_soil":4,"minecraft:oak_planks":1,"minecraft:coal":3,"minecraft:cobblestone":28},"minecraft:used":{"minecraft:stone_sword":15,"minecraft:stone_pickaxe":56,"minecraft:stone_shovel":27,"minecraft:oak_planks":3,"iceandfire:graveyard_soil":4,"minecraft:wooden_pickaxe":16,"minecraft:stone_axe":4,"minecraft:dirt":19,"minecraft:cobblestone":8,"minecraft:crafting_table":3,"minecraft:furnace":1}},"DataVersion":3465}