{"stats":{"minecraft:killed_by":{"minecraft:skeleton":1,"iceandfire:ghost":3,"cave_dweller:cave_dweller":1},"minecraft:killed":{"minecraft:spider":4,"aquaculture:smallmouth_bass":1,"minecraft:skeleton":2,"minecraft:sheep":3,"darkestsouls:skeleton_spear":1,"aquaculture:minnow":3,"minecraft:zombie":11,"minecraft:chicken":1,"enemyexpansion:botfly":3,"minecraft:stray":1,"darkestsouls:skeleton_falchion":1},"minecraft:crafted":{"minecraft:oak_planks":20,"minecraft:stone_shovel":1,"minecraft:crafting_table":2,"minecraft:spruce_planks":36,"minecraft:wooden_pickaxe":1,"minecraft:iron_helmet":1,"minecraft:furnace":2,"minecraft:stone_axe":1,"minecraft:cooked_mutton":6,"minecraft:bread":6,"minecraft:air":0,"minecraft:iron_boots":1,"minecraft:iron_chestplate":1,"minecraft:charcoal":6,"minecraft:stick":16,"minecraft:iron_ingot":24,"minecraft:stone_pickaxe":1,"minecraft:stone_sword":1,"minecraft:iron_leggings":1,"minecraft:torch":16,"minecraft:wheat":18},"minecraft:custom":{"minecraft:interact_with_furnace":24,"spartanshields:shield_bash_hits":1,"minecraft:mob_kills":35,"minecraft:interact_with_crafting_table":13,"minecraft:open_barrel":1,"minecraft:time_since_death":3530,"minecraft:climb_one_cm":97,"minecraft:time_since_rest":1262,"minecraft:waystone_activated":1,"minecraft:sprint_one_cm":216479,"minecraft:damage_taken":2474,"minecraft:walk_one_cm":95669,"minecraft:damage_blocked_by_shield":390,"minecraft:trigger_trapped_chest":1,"minecraft:drop":12,"minecraft:damage_dealt":5267,"minecraft:swim_one_cm":21849,"minecraft:fly_one_cm":174482,"minecraft:open_chest":24,"minecraft:crouch_one_cm":3422,"minecraft:play_time":48830,"tombstone:undead_killed":16,"minecraft:deaths":5,"minecraft:sneak_time":1720,"minecraft:walk_under_water_one_cm":1241,"minecraft:jump":776,"minecraft:walk_on_water_one_cm":5259,"minecraft:total_world_time":48830,"minecraft:fall_one_cm":13964},"minecraft:broken":{"simplyswords:gold_halberd":1},"minecraft:mined":{"minecraft:podzol":2,"minecraft:spruce_planks":10,"iceandfire:graveyard_soil":4,"minecraft:mossy_cobblestone":6,"minecraft:crafting_table":3,"minecraft:grass_block":9,"minecraft:decorated_pot":1,"minecraft:tall_grass":1,"minecraft:copper_ore":2,"minecraft:cobblestone":9,"minecraft:sugar_cane":1,"minecraft:oak_planks":2,"minecraft:wall_torch":2,"minecraft:spawner":8,"minecraft:hay_block":2,"minecraft:coarse_dirt":3,"gnumus:gnumus_clay_block":1,"minecraft:furnace":4,"minecraft:iron_ore":26,"minecraft:spruce_log":16,"minecraft:wither_rose":1,"minecraft:grass":1,"minecraft:bookshelf":4,"minecraft:oak_log":5,"minecraft:coal_ore":4,"minecraft:oak_stairs":1,"minecraft:iron_bars":5,"minecraft:flower_pot":1,"minecraft:dirt":22,"minecraft:stone":32,"minecraft:fern":1},"minecraft:dropped":{"minecraft:raw_copper":9,"minecraft:mossy_cobblestone":6,"minecraft:cobblestone":3,"minecraft:rotten_flesh":3,"aquaculture:minnow":6,"minecraft:stick":3,"minecraft:flower_pot":1,"tombstone:grave_dust":1,"minecraft:wooden_pickaxe":1},"minecraft:picked_up":{"minecraft:iron_chestplate":1,"minecraft:shelter_pottery_sherd":1,"minecraft:charcoal":1,"minecraft:coarse_dirt":1,"minecraft:crafting_table":3,"minecraft:feather":2,"minecraft:chicken":1,"minecraft:flower_pot":1,"minecraft:wither_rose":1,"minecraft:oak_log":5,"minecraft:golden_boots":1,"minecraft:brick":3,"minecraft:string":5,"minecraft:dirt":18,"minecraft:raw_copper":9,"minecraft:bone":4,"iceandfire:graveyard_soil":4,"minecraft:bow":1,"minecraft:spruce_planks":10,"aquaculture:minnow":9,"minecraft:light_gray_wool":1,"minecraft:sugar_cane":2,"minecraft:oak_planks":1,"minecraft:furnace":3,"minecraft:book":12,"aquaculture:smallmouth_bass":1,"minecraft:raw_iron":26,"minecraft:torch":2,"tombstone:grave_dust":2,"minecraft:spruce_log":24,"minecraft:leather_helmet":1,"minecraft:spider_eye":3,"minecraft:mossy_cobblestone":6,"minecraft:arrow":3,"minecraft:rotten_flesh":10,"minecraft:hay_block":2,"darkestsouls:titanite_fragment":3,"tombstone:magic_scroll":1,"minecraft:iron_bars":4,"minecraft:mutton":6,"minecraft:coal":4,"minecraft:white_wool":2,"minecraft:cobblestone":36},"minecraft:used":{"minecraft:cooked_mutton":6,"minecraft:stone_sword":108,"simplyswords:gold_halberd":32,"minecraft:stone_shovel":32,"minecraft:stone_pickaxe":84,"minecraft:oak_planks":3,"minecraft:shield":7,"minecraft:spruce_planks":34,"minecraft:wooden_pickaxe":16,"minecraft:chainmail_helmet":1,"minecraft:torch":16,"minecraft:dirt":19,"minecraft:crafting_table":4,"minecraft:bread":6,"iceandfire:graveyard_soil":4,"minecraft:stone_axe":36,"minecraft:cobblestone":8,"minecraft:furnace":4,"aquaculture:smallmouth_bass":1,"tombstone:gift":4,"minecraft:cooked_beef":5,"minecraft:coarse_dirt":3}},"DataVersion":3465}