{"stats":{"minecraft:picked_up":{"minecraft:crafting_table":12,"minecraft:wheat":37,"minecraft:clay_ball":4,"minecraft:stone_brick_wall":2,"minecraft:stone_brick_stairs":1,"darkestsouls:beast_blood_clump":3,"minecraft:string":5,"minecraft:red_bed":2,"minecraft:moss_carpet":2,"iceandfire:sea_serpent_scales_teal":1,"minecraft:smooth_stone_slab":1,"minecraft:item_frame":1,"darkestsouls:rune_fragment":2,"minecraft:spruce_planks":2,"minecraft:beef":25,"unusualprehistory:plant_fossil_item":1,"minecraft:jungle_sapling":1,"minecraft:iron_pickaxe":1,"minecraft:sugar_cane":2,"minecraft:furnace":1,"minecraft:iron_boots":1,"minecraft:tipped_arrow":2,"minecraft:raw_iron":9,"minecraft:stick":6,"minecraft:acacia_fence":1,"minecraft:torch":2,"sophisticatedbackpacks:backpack":1,"minecraft:porkchop":5,"minecraft:stone_button":1,"tombstone:grave_dust":3,"minecraft:golden_chestplate":1,"minecraft:prismarine_crystals":3,"minecraft:dark_oak_planks":6,"minecraft:orange_bed":1,"minecraft:andesite_wall":1,"minecraft:arrow":14,"minecraft:rotten_flesh":7,"minecraft:shears":1,"minecraft:polished_blackstone":4,"minecraft:iron_bars":3,"minecraft:cobblestone":20,"minecraft:birch_leaves":1,"minecraft:iron_door":1,"minecraft:birch_slab":5,"minecraft:jungle_log":10,"minecraft:leather":10,"minecraft:fern":5,"minecraft:potato":4,"minecraft:birch_planks":10,"darkestsouls:cinnabar":8,"minecraft:oak_log":8,"minecraft:dirt":11,"minecraft:bone":8,"minecraft:apple":1,"minecraft:wheat_seeds":124,"minecraft:iron_ingot":10,"minecraft:mossy_stone_brick_stairs":1,"minecraft:moss_block":1,"minecraft:dark_oak_stairs":3,"minecraft:cooked_porkchop":1,"iceandfire:shiny_scales":6,"minecraft:sand":23,"minecraft:jungle_planks":56,"minecraft:amethyst_shard":8,"minecraft:spider_eye":1,"minecraft:dispenser":2,"minecraft:grass":2,"minecraft:golden_apple":1,"minecraft:mossy_cobblestone_stairs":1,"minecraft:oak_button":2,"tombstone:magic_scroll":1,"minecraft:oak_leaves":151,"minecraft:coal":51},"minecraft:killed_by":{"minecraft:player":1,"minecraft:pillager":3,"minecraft:vindicator":1,"minecraft:zombie":4},"minecraft:custom":{"minecraft:mob_kills":43,"minecraft:interact_with_crafting_table":27,"minecraft:open_barrel":10,"minecraft:leave_game":1,"minecraft:time_since_death":2849,"minecraft:climb_one_cm":15012,"minecraft:sprint_one_cm":454405,"minecraft:walk_one_cm":187948,"minecraft:damage_blocked_by_shield":1290,"minecraft:drop":79,"minecraft:play_time":118091,"minecraft:deaths":11,"minecraft:sneak_time":7101,"minecraft:walk_under_water_one_cm":20073,"minecraft:boat_one_cm":177781,"minecraft:jump":2356,"minecraft:walk_on_water_one_cm":31477,"minecraft:total_world_time":118091,"minecraft:interact_with_furnace":4,"tombstone:raider_killed":2,"minecraft:sleep_in_bed":1,"minecraft:time_since_rest":2371,"minecraft:damage_taken":5147,"minecraft:damage_dealt":9947,"tombstone:cast_on_ally":1,"minecraft:swim_one_cm":194500,"minecraft:fly_one_cm":504464,"minecraft:open_chest":63,"minecraft:crouch_one_cm":16032,"tombstone:undead_killed":21,"minecraft:fall_one_cm":50992},"minecraft:crafted":{"minecraft:wooden_sword":1,"minecraft:oak_planks":32,"minecraft:stone_pickaxe":1,"minecraft:chest":2,"minecraft:oak_button":4,"minecraft:dark_oak_planks":20,"sophisticatedbackpacks:iron_backpack":2,"minecraft:diamond_sword":1,"sophisticatedbackpacks:backpack":2,"minecraft:crafting_table":3,"minecraft:jungle_boat":2,"minecraft:wooden_pickaxe":1,"minecraft:iron_helmet":1,"minecraft:stone_axe":1,"minecraft:bread":10,"minecraft:air":0,"minecraft:jungle_planks":40,"minecraft:iron_chestplate":2,"minecraft:stick":60,"minecraft:iron_ingot":2,"minecraft:iron_pickaxe":1,"minecraft:stone_sword":1,"minecraft:iron_leggings":1,"minecraft:torch":116},"minecraft:killed":{"darkestsouls:skeleton_curved_swords":1,"darkestsouls:leech":1,"enemyexpansion:direwolf":2,"minecraft:skeleton":7,"minecraft:pig":3,"minecraft:bat":1,"minecraft:pillager":2,"minecraft:zombie":10,"minecraft:stray":2,"enemyexpansion:huntsman":1,"iceandfire:sea_serpent":1,"enemyexpansion:wasp":1,"minecraft:cow":10},"minecraft:dropped":{"sophisticatedbackpacks:iron_backpack":1,"minecraft:iron_ingot":3,"minecraft:bread":5,"minecraft:birch_leaves":1,"minecraft:birch_planks":9,"minecraft:dark_oak_stairs":1,"minecraft:porkchop":5,"minecraft:wheat_seeds":9,"minecraft:cooked_beef":3,"spartanweaponry:iron_boomerang":1,"minecraft:polished_blackstone":2,"minecraft:diamond":1,"minecraft:iron_helmet":1,"minecraft:prismarine_crystals":3,"minecraft:andesite_wall":1,"minecraft:leather":2,"minecraft:jungle_planks":6,"minecraft:coal":1,"minecraft:stick":23,"minecraft:flint":3,"minecraft:stone_button":1,"minecraft:iron_door":1,"tombstone:grave_dust":3,"minecraft:gold_nugget":2,"minecraft:wooden_sword":1,"minecraft:amethyst_shard":4,"minecraft:sand":9,"minecraft:orange_bed":1,"minecraft:chainmail_leggings":1,"minecraft:string":2,"unusualprehistory:plant_fossil_item":1,"minecraft:bone":4,"minecraft:furnace":1,"minecraft:moss_carpet":1,"minecraft:sugar_cane":2,"minecraft:stone_sword":1,"minecraft:bowl":1,"minecraft:wheat":34,"minecraft:raw_iron":3,"minecraft:rotten_flesh":1,"minecraft:iron_boots":4,"sophisticatedbackpacks:backpack":1,"darkestsouls:beast_blood_clump":3,"minecraft:shears":1,"iceandfire:shiny_scales":2,"minecraft:shield":1,"minecraft:oak_button":4,"minecraft:iron_chestplate":1,"minecraft:stone_brick_wall":1,"minecraft:spider_eye":1,"minecraft:iron_bars":2,"minecraft:arrow":18,"minecraft:wooden_pickaxe":1,"minecraft:stone_pickaxe":1},"minecraft:mined":{"minecraft:dark_oak_planks":6,"minecraft:stone_pressure_plate":1,"minecraft:spruce_planks":2,"minecraft:stone_brick_wall":1,"minecraft:grass_block":5,"minecraft:jungle_planks":3,"unusualprehistory:plant_fossil":1,"minecraft:jungle_log":10,"minecraft:birch_slab":5,"minecraft:moss_block":2,"minecraft:spawner":20,"minecraft:large_fern":1,"minecraft:furnace":1,"minecraft:mossy_cobblestone_stairs":1,"minecraft:iron_ore":1,"minecraft:dark_oak_stairs":3,"minecraft:mossy_stone_brick_stairs":2,"minecraft:vine":1,"minecraft:iron_bars":5,"gnumus:fragile_gnumus_jug":1,"minecraft:stone":19,"minecraft:orange_bed":2,"minecraft:red_bed":2,"minecraft:amethyst_cluster":1,"minecraft:clay":1,"minecraft:crafting_table":11,"minecraft:tall_grass":4,"minecraft:cobblestone":4,"minecraft:iron_door":1,"minecraft:wall_torch":2,"minecraft:birch_planks":8,"minecraft:wheat":105,"minecraft:birch_leaves":5,"minecraft:stone_brick_stairs":1,"minecraft:smooth_stone_slab":1,"minecraft:grass":16,"minecraft:oak_log":8,"minecraft:coal_ore":18,"darkestsouls:cinnabar_ore":5,"minecraft:cocoa":1,"minecraft:acacia_fence":1,"minecraft:sand":23,"minecraft:dirt":6,"minecraft:cobweb":3,"minecraft:cracked_stone_bricks":1,"minecraft:dispenser":2,"minecraft:polished_blackstone":4,"minecraft:stone_bricks":3,"minecraft:mossy_stone_bricks":1,"minecraft:oak_leaves":238,"minecraft:fern":4},"minecraft:used":{"minecraft:moss_block":1,"minecraft:moss_carpet":1,"minecraft:iron_shovel":11,"minecraft:polished_blackstone":2,"minecraft:spruce_planks":2,"minecraft:shield":13,"minecraft:torch":75,"minecraft:dirt":10,"minecraft:jungle_planks":14,"minecraft:dark_oak_planks":4,"minecraft:stone_brick_stairs":1,"tombstone:gift":4,"minecraft:cooked_beef":8,"minecraft:dark_oak_stairs":1,"minecraft:oak_planks":17,"minecraft:wooden_pickaxe":12,"minecraft:jungle_boat":2,"minecraft:oak_leaves":140,"minecraft:sand":14,"minecraft:crafting_table":15,"minecraft:red_bed":2,"minecraft:shears":227,"unusualprehistory:cooked_scau":1,"minecraft:diamond_pickaxe":28,"minecraft:bread":35,"minecraft:iron_pickaxe":55,"minecraft:stone_axe":30,"minecraft:diamond_sword":328,"minecraft:wooden_sword":25,"minecraft:cobblestone":11,"minecraft:cobweb":3}},"DataVersion":3465}