{"stats":{"minecraft:picked_up":{"minecraft:wheat":36,"minecraft:crafting_table":3,"minecraft:birch_slab":5,"minecraft:jungle_log":6,"minecraft:leather":1,"minecraft:fern":3,"minecraft:birch_planks":10,"darkestsouls:cinnabar":8,"minecraft:oak_log":7,"minecraft:dirt":4,"minecraft:smooth_stone_slab":1,"minecraft:item_frame":1,"minecraft:wheat_seeds":9,"minecraft:spruce_planks":2,"minecraft:beef":4,"minecraft:sugar_cane":2,"minecraft:iron_boots":1,"minecraft:dark_oak_stairs":3,"minecraft:stick":2,"minecraft:acacia_fence":1,"minecraft:cooked_porkchop":1,"minecraft:jungle_planks":3,"minecraft:porkchop":5,"minecraft:sand":23,"minecraft:amethyst_shard":4,"minecraft:stone_button":1,"minecraft:orange_bed":1,"minecraft:dark_oak_planks":6,"minecraft:rotten_flesh":3,"minecraft:dispenser":2,"minecraft:golden_apple":1,"minecraft:polished_blackstone":4,"minecraft:coal":23,"minecraft:oak_leaves":55,"minecraft:cobblestone":16},"minecraft:custom":{"minecraft:mob_kills":8,"tombstone:raider_killed":2,"minecraft:interact_with_crafting_table":8,"minecraft:open_barrel":10,"minecraft:leave_game":1,"minecraft:time_since_death":5964,"minecraft:sleep_in_bed":1,"minecraft:climb_one_cm":7930,"minecraft:time_since_rest":4983,"minecraft:sprint_one_cm":137852,"minecraft:damage_taken":2227,"minecraft:walk_one_cm":50542,"minecraft:drop":26,"minecraft:damage_dealt":1856,"minecraft:swim_one_cm":82240,"minecraft:fly_one_cm":170352,"minecraft:open_chest":18,"minecraft:crouch_one_cm":9650,"minecraft:play_time":40091,"tombstone:undead_killed":1,"minecraft:deaths":8,"minecraft:sneak_time":4615,"minecraft:walk_under_water_one_cm":4948,"minecraft:jump":756,"minecraft:walk_on_water_one_cm":11665,"minecraft:total_world_time":40091,"minecraft:fall_one_cm":13265},"minecraft:killed_by":{"minecraft:vindicator":1,"minecraft:player":1,"minecraft:zombie":2,"minecraft:pillager":3},"minecraft:crafted":{"minecraft:wooden_sword":1,"minecraft:oak_planks":28,"minecraft:diamond_sword":1,"minecraft:crafting_table":2,"minecraft:wooden_pickaxe":1,"minecraft:stone_axe":1,"minecraft:jungle_planks":24,"minecraft:iron_chestplate":1,"minecraft:stick":20,"minecraft:iron_pickaxe":1,"minecraft:stone_pickaxe":1,"minecraft:stone_sword":1,"minecraft:iron_leggings":1,"minecraft:dark_oak_planks":20,"minecraft:torch":24},"minecraft:killed":{"minecraft:pig":3,"minecraft:pillager":2,"minecraft:zombie":1,"minecraft:cow":2},"minecraft:dropped":{"minecraft:porkchop":5,"minecraft:sugar_cane":2,"minecraft:dark_oak_stairs":1,"minecraft:birch_planks":9,"minecraft:wheat_seeds":9,"minecraft:stone_sword":1,"minecraft:polished_blackstone":2,"minecraft:bowl":1,"minecraft:rotten_flesh":1,"minecraft:iron_boots":3,"minecraft:leather":1,"minecraft:stick":2,"minecraft:flint":3,"minecraft:stone_button":1,"tombstone:grave_dust":2,"minecraft:wooden_sword":1,"minecraft:gold_nugget":2,"minecraft:sand":9,"minecraft:stone_pickaxe":1,"minecraft:wooden_pickaxe":1,"minecraft:orange_bed":1},"minecraft:mined":{"minecraft:dark_oak_planks":6,"minecraft:spruce_planks":2,"minecraft:amethyst_cluster":1,"minecraft:crafting_table":3,"minecraft:grass_block":2,"minecraft:jungle_planks":3,"minecraft:jungle_log":6,"minecraft:cobblestone":1,"minecraft:birch_slab":5,"minecraft:spawner":5,"minecraft:large_fern":1,"minecraft:birch_planks":8,"minecraft:wheat":101,"minecraft:coal_ore":18,"darkestsouls:cinnabar_ore":5,"minecraft:dark_oak_stairs":3,"minecraft:smooth_stone_slab":1,"minecraft:grass":7,"minecraft:oak_log":7,"minecraft:acacia_fence":1,"minecraft:sand":23,"minecraft:dirt":2,"minecraft:polished_blackstone":4,"minecraft:dispenser":2,"minecraft:stone":16,"minecraft:oak_leaves":68,"minecraft:fern":1,"minecraft:orange_bed":2},"minecraft:used":{"minecraft:dark_oak_stairs":1,"minecraft:polished_blackstone":2,"minecraft:oak_planks":17,"minecraft:spruce_planks":2,"minecraft:wooden_pickaxe":12,"minecraft:oak_leaves":43,"minecraft:torch":1,"minecraft:dirt":3,"minecraft:sand":14,"minecraft:crafting_table":5,"minecraft:jungle_planks":14,"minecraft:shears":57,"minecraft:dark_oak_planks":4,"minecraft:bread":3,"minecraft:iron_pickaxe":41,"minecraft:stone_axe":27,"minecraft:diamond_sword":151,"minecraft:wooden_sword":25,"minecraft:cobblestone":7,"tombstone:gift":3}},"DataVersion":3465}