{"stats":{"minecraft:picked_up":{"minecraft:crafting_table":2,"minecraft:jungle_log":6,"minecraft:birch_planks":1,"minecraft:oak_log":7,"minecraft:stone_button":1,"minecraft:dirt":3,"minecraft:dark_oak_planks":6,"minecraft:smooth_stone_slab":1,"minecraft:dispenser":2,"minecraft:spruce_planks":2,"minecraft:polished_blackstone":4,"minecraft:dark_oak_stairs":2,"minecraft:cobblestone":16},"minecraft:killed_by":{"minecraft:vindicator":1,"minecraft:player":1,"minecraft:zombie":1},"minecraft:custom":{"minecraft:time_since_rest":2492,"minecraft:sprint_one_cm":44962,"minecraft:damage_taken":1206,"minecraft:walk_one_cm":17925,"minecraft:drop":11,"minecraft:damage_dealt":317,"minecraft:swim_one_cm":28930,"minecraft:interact_with_crafting_table":6,"minecraft:fly_one_cm":45871,"minecraft:open_barrel":6,"minecraft:open_chest":1,"minecraft:crouch_one_cm":4131,"minecraft:play_time":16091,"minecraft:deaths":4,"minecraft:sneak_time":1724,"minecraft:walk_under_water_one_cm":1349,"minecraft:jump":235,"minecraft:leave_game":1,"minecraft:time_since_death":2795,"minecraft:walk_on_water_one_cm":2861,"minecraft:total_world_time":16091,"minecraft:climb_one_cm":793,"minecraft:fall_one_cm":3879},"minecraft:crafted":{"minecraft:wooden_sword":1,"minecraft:oak_planks":28,"minecraft:diamond_sword":1,"minecraft:iron_chestplate":1,"minecraft:crafting_table":2,"minecraft:stick":20,"minecraft:stone_pickaxe":1,"minecraft:wooden_pickaxe":1,"minecraft:iron_pickaxe":1,"minecraft:stone_sword":1,"minecraft:dark_oak_planks":20,"minecraft:torch":24,"minecraft:stone_axe":1,"minecraft:jungle_planks":24},"minecraft:dropped":{"minecraft:birch_planks":1,"minecraft:dark_oak_stairs":1,"minecraft:stone_button":1,"minecraft:stone_sword":1,"minecraft:polished_blackstone":2,"minecraft:bowl":1,"minecraft:gold_nugget":2,"tombstone:grave_dust":2,"minecraft:wooden_sword":1,"minecraft:wooden_pickaxe":1,"minecraft:stone_pickaxe":1},"minecraft:mined":{"minecraft:dark_oak_planks":6,"minecraft:birch_planks":1,"minecraft:spruce_planks":2,"minecraft:smooth_stone_slab":1,"minecraft:crafting_table":2,"minecraft:dark_oak_stairs":2,"minecraft:grass":4,"minecraft:grass_block":2,"minecraft:oak_log":7,"minecraft:jungle_log":6,"minecraft:dirt":1,"minecraft:cobblestone":1,"minecraft:dispenser":2,"minecraft:polished_blackstone":4,"minecraft:stone":15,"minecraft:oak_leaves":9,"minecraft:spawner":3},"minecraft:used":{"minecraft:dark_oak_stairs":1,"minecraft:dark_oak_planks":4,"minecraft:polished_blackstone":2,"minecraft:oak_planks":17,"minecraft:iron_pickaxe":14,"minecraft:spruce_planks":2,"minecraft:wooden_pickaxe":12,"minecraft:torch":1,"minecraft:stone_axe":7,"minecraft:cobblestone":7,"minecraft:wooden_sword":25,"minecraft:dirt":3,"minecraft:crafting_table":3,"minecraft:jungle_planks":14,"tombstone:gift":3}},"DataVersion":3465}