{"stats":{"minecraft:picked_up":{"minecraft:wheat":37,"minecraft:crafting_table":3,"minecraft:birch_slab":5,"minecraft:jungle_log":6,"minecraft:leather":1,"minecraft:fern":5,"minecraft:birch_planks":10,"minecraft:stone_brick_stairs":1,"darkestsouls:cinnabar":8,"minecraft:oak_log":7,"minecraft:dirt":4,"minecraft:smooth_stone_slab":1,"minecraft:item_frame":1,"minecraft:bone":1,"minecraft:wheat_seeds":123,"minecraft:spruce_planks":2,"minecraft:beef":4,"minecraft:jungle_sapling":1,"minecraft:sugar_cane":2,"minecraft:iron_boots":1,"minecraft:dark_oak_stairs":3,"minecraft:stick":2,"minecraft:acacia_fence":1,"minecraft:cooked_porkchop":1,"minecraft:jungle_planks":3,"minecraft:porkchop":5,"minecraft:sand":23,"minecraft:amethyst_shard":4,"minecraft:stone_button":1,"tombstone:grave_dust":3,"minecraft:arrow":3,"minecraft:orange_bed":1,"minecraft:dark_oak_planks":6,"minecraft:rotten_flesh":3,"minecraft:dispenser":2,"minecraft:grass":2,"minecraft:golden_apple":1,"minecraft:polished_blackstone":4,"tombstone:magic_scroll":1,"minecraft:coal":23,"minecraft:oak_leaves":86,"minecraft:cobblestone":17},"minecraft:custom":{"minecraft:mob_kills":15,"tombstone:raider_killed":2,"minecraft:interact_with_crafting_table":8,"minecraft:open_barrel":10,"minecraft:leave_game":1,"minecraft:time_since_death":6758,"minecraft:sleep_in_bed":1,"minecraft:climb_one_cm":9851,"minecraft:time_since_rest":4359,"minecraft:sprint_one_cm":199269,"minecraft:damage_taken":3063,"minecraft:walk_one_cm":75656,"minecraft:drop":26,"minecraft:damage_dealt":3432,"minecraft:swim_one_cm":96059,"minecraft:fly_one_cm":206887,"minecraft:open_chest":30,"minecraft:crouch_one_cm":12385,"minecraft:play_time":52091,"tombstone:undead_killed":8,"minecraft:deaths":9,"minecraft:sneak_time":5819,"minecraft:walk_under_water_one_cm":4969,"minecraft:jump":913,"minecraft:walk_on_water_one_cm":13258,"minecraft:total_world_time":52091,"minecraft:fall_one_cm":15076},"minecraft:killed_by":{"minecraft:vindicator":1,"minecraft:player":1,"minecraft:zombie":3,"minecraft:pillager":3},"minecraft:crafted":{"minecraft:wooden_sword":1,"minecraft:oak_planks":28,"minecraft:diamond_sword":1,"minecraft:crafting_table":2,"minecraft:wooden_pickaxe":1,"minecraft:stone_axe":1,"minecraft:jungle_planks":24,"minecraft:iron_chestplate":1,"minecraft:stick":60,"minecraft:iron_pickaxe":1,"minecraft:stone_pickaxe":1,"minecraft:stone_sword":1,"minecraft:iron_leggings":1,"minecraft:dark_oak_planks":20,"minecraft:torch":116},"minecraft:killed":{"minecraft:pig":3,"darkestsouls:skeleton_curved_swords":1,"minecraft:skeleton":3,"minecraft:pillager":2,"minecraft:zombie":4,"minecraft:cow":2},"minecraft:dropped":{"minecraft:porkchop":5,"minecraft:sugar_cane":2,"minecraft:dark_oak_stairs":1,"minecraft:birch_planks":9,"minecraft:wheat_seeds":9,"minecraft:stone_sword":1,"minecraft:polished_blackstone":2,"minecraft:bowl":1,"minecraft:rotten_flesh":1,"minecraft:iron_boots":3,"minecraft:leather":1,"minecraft:stick":2,"minecraft:flint":3,"minecraft:stone_button":1,"tombstone:grave_dust":2,"minecraft:wooden_sword":1,"minecraft:gold_nugget":2,"minecraft:sand":9,"minecraft:stone_pickaxe":1,"minecraft:wooden_pickaxe":1,"minecraft:orange_bed":1},"minecraft:mined":{"minecraft:dark_oak_planks":6,"minecraft:spruce_planks":2,"minecraft:amethyst_cluster":1,"minecraft:crafting_table":3,"minecraft:grass_block":2,"minecraft:jungle_planks":3,"minecraft:jungle_log":6,"minecraft:cobblestone":2,"minecraft:birch_slab":5,"minecraft:spawner":9,"minecraft:large_fern":1,"minecraft:birch_planks":8,"minecraft:wheat":105,"minecraft:stone_brick_stairs":1,"minecraft:vine":1,"minecraft:coal_ore":18,"darkestsouls:cinnabar_ore":5,"minecraft:dark_oak_stairs":3,"minecraft:smooth_stone_slab":1,"minecraft:grass":12,"minecraft:oak_log":7,"minecraft:iron_bars":1,"minecraft:acacia_fence":1,"minecraft:sand":23,"minecraft:dirt":2,"minecraft:stone_bricks":1,"minecraft:polished_blackstone":4,"minecraft:dispenser":2,"minecraft:stone":16,"minecraft:mossy_stone_bricks":1,"minecraft:oak_leaves":145,"minecraft:fern":3,"minecraft:orange_bed":2},"minecraft:used":{"minecraft:dark_oak_stairs":1,"minecraft:polished_blackstone":2,"minecraft:oak_planks":17,"minecraft:spruce_planks":2,"minecraft:wooden_pickaxe":12,"minecraft:oak_leaves":89,"minecraft:torch":25,"minecraft:dirt":3,"minecraft:sand":14,"minecraft:crafting_table":5,"minecraft:jungle_planks":14,"minecraft:shears":133,"unusualprehistory:cooked_scau":1,"minecraft:dark_oak_planks":4,"minecraft:bread":10,"minecraft:iron_pickaxe":51,"minecraft:stone_axe":27,"minecraft:diamond_sword":200,"minecraft:wooden_sword":25,"minecraft:cobblestone":8,"tombstone:gift":3}},"DataVersion":3465}