{"stats":{"minecraft:picked_up":{"minecraft:crafting_table":9,"minecraft:wheat":37,"minecraft:clay_ball":4,"minecraft:stone_brick_wall":1,"minecraft:stone_brick_stairs":1,"minecraft:red_bed":1,"minecraft:smooth_stone_slab":1,"minecraft:item_frame":1,"darkestsouls:rune_fragment":2,"minecraft:spruce_planks":2,"minecraft:beef":25,"unusualprehistory:plant_fossil_item":1,"minecraft:jungle_sapling":1,"minecraft:sugar_cane":2,"minecraft:iron_boots":1,"minecraft:stick":2,"minecraft:acacia_fence":1,"minecraft:torch":2,"minecraft:porkchop":5,"minecraft:stone_button":1,"tombstone:grave_dust":3,"minecraft:dark_oak_planks":6,"minecraft:orange_bed":1,"minecraft:arrow":3,"minecraft:rotten_flesh":3,"minecraft:polished_blackstone":4,"minecraft:cobblestone":20,"minecraft:birch_leaves":1,"minecraft:birch_slab":5,"minecraft:jungle_log":10,"minecraft:leather":10,"minecraft:fern":5,"minecraft:birch_planks":10,"darkestsouls:cinnabar":8,"minecraft:oak_log":7,"minecraft:dirt":11,"minecraft:bone":1,"minecraft:wheat_seeds":124,"minecraft:moss_block":1,"minecraft:dark_oak_stairs":3,"minecraft:cooked_porkchop":1,"minecraft:sand":23,"minecraft:jungle_planks":3,"minecraft:amethyst_shard":4,"minecraft:dispenser":2,"minecraft:grass":2,"minecraft:golden_apple":1,"tombstone:magic_scroll":1,"minecraft:oak_leaves":151,"minecraft:coal":24},"minecraft:killed_by":{"minecraft:player":1,"minecraft:pillager":3,"minecraft:vindicator":1,"minecraft:zombie":3},"minecraft:custom":{"minecraft:mob_kills":30,"minecraft:interact_with_crafting_table":15,"minecraft:open_barrel":10,"minecraft:leave_game":1,"minecraft:time_since_death":20072,"minecraft:climb_one_cm":13802,"minecraft:sprint_one_cm":318722,"minecraft:walk_one_cm":118283,"minecraft:drop":45,"minecraft:play_time":82091,"minecraft:deaths":10,"minecraft:sneak_time":6485,"minecraft:walk_under_water_one_cm":16850,"minecraft:boat_one_cm":15371,"minecraft:jump":1768,"minecraft:walk_on_water_one_cm":24221,"minecraft:total_world_time":82091,"tombstone:raider_killed":2,"minecraft:sleep_in_bed":1,"minecraft:time_since_rest":18839,"minecraft:damage_taken":3764,"minecraft:damage_dealt":5921,"tombstone:cast_on_ally":1,"minecraft:swim_one_cm":159005,"minecraft:fly_one_cm":383061,"minecraft:open_chest":40,"minecraft:crouch_one_cm":14352,"tombstone:undead_killed":13,"minecraft:fall_one_cm":36343},"minecraft:crafted":{"minecraft:wooden_sword":1,"minecraft:oak_planks":28,"minecraft:stone_pickaxe":1,"minecraft:dark_oak_planks":20,"minecraft:diamond_sword":1,"minecraft:crafting_table":2,"minecraft:jungle_boat":2,"minecraft:wooden_pickaxe":1,"minecraft:iron_helmet":1,"minecraft:stone_axe":1,"minecraft:bread":10,"minecraft:jungle_planks":40,"minecraft:iron_chestplate":2,"minecraft:stick":60,"minecraft:iron_pickaxe":1,"minecraft:stone_sword":1,"minecraft:iron_leggings":1,"minecraft:torch":116},"minecraft:killed":{"darkestsouls:skeleton_curved_swords":1,"darkestsouls:leech":1,"minecraft:skeleton":3,"minecraft:pig":3,"minecraft:pillager":2,"minecraft:zombie":8,"enemyexpansion:huntsman":1,"enemyexpansion:wasp":1,"minecraft:cow":10},"minecraft:dropped":{"minecraft:birch_leaves":1,"minecraft:birch_planks":9,"minecraft:dark_oak_stairs":1,"minecraft:porkchop":5,"minecraft:wheat_seeds":9,"minecraft:cooked_beef":3,"spartanweaponry:iron_boomerang":1,"minecraft:polished_blackstone":2,"minecraft:diamond":1,"minecraft:iron_helmet":1,"minecraft:leather":1,"minecraft:jungle_planks":6,"minecraft:coal":1,"minecraft:stick":19,"minecraft:flint":3,"minecraft:stone_button":1,"tombstone:grave_dust":3,"minecraft:gold_nugget":2,"minecraft:wooden_sword":1,"minecraft:sand":9,"minecraft:orange_bed":1,"minecraft:chainmail_leggings":1,"unusualprehistory:plant_fossil_item":1,"minecraft:sugar_cane":2,"minecraft:stone_sword":1,"minecraft:bowl":1,"minecraft:wheat":34,"minecraft:rotten_flesh":1,"minecraft:iron_boots":4,"minecraft:iron_chestplate":1,"minecraft:arrow":9,"minecraft:wooden_pickaxe":1,"minecraft:stone_pickaxe":1},"minecraft:mined":{"minecraft:dark_oak_planks":6,"minecraft:spruce_planks":2,"minecraft:stone_brick_wall":1,"minecraft:grass_block":5,"minecraft:jungle_planks":3,"unusualprehistory:plant_fossil":1,"minecraft:jungle_log":10,"minecraft:birch_slab":5,"minecraft:moss_block":2,"minecraft:spawner":9,"minecraft:large_fern":1,"minecraft:dark_oak_stairs":3,"minecraft:vine":1,"minecraft:iron_bars":1,"gnumus:fragile_gnumus_jug":1,"minecraft:stone":19,"minecraft:orange_bed":2,"minecraft:red_bed":1,"minecraft:amethyst_cluster":1,"minecraft:clay":1,"minecraft:crafting_table":8,"minecraft:tall_grass":2,"minecraft:cobblestone":2,"minecraft:wall_torch":2,"minecraft:birch_planks":8,"minecraft:wheat":105,"minecraft:birch_leaves":5,"minecraft:stone_brick_stairs":1,"minecraft:smooth_stone_slab":1,"minecraft:grass":12,"minecraft:oak_log":7,"minecraft:coal_ore":18,"darkestsouls:cinnabar_ore":5,"minecraft:acacia_fence":1,"minecraft:sand":23,"minecraft:dirt":6,"minecraft:cracked_stone_bricks":1,"minecraft:dispenser":2,"minecraft:polished_blackstone":4,"minecraft:stone_bricks":2,"minecraft:mossy_stone_bricks":1,"minecraft:oak_leaves":234,"minecraft:fern":4},"minecraft:used":{"minecraft:moss_block":1,"minecraft:iron_shovel":11,"minecraft:polished_blackstone":2,"minecraft:spruce_planks":2,"minecraft:torch":38,"minecraft:dirt":10,"minecraft:jungle_planks":14,"minecraft:dark_oak_planks":4,"minecraft:stone_brick_stairs":1,"tombstone:gift":4,"minecraft:dark_oak_stairs":1,"minecraft:oak_planks":17,"minecraft:wooden_pickaxe":12,"minecraft:jungle_boat":2,"minecraft:oak_leaves":108,"minecraft:sand":14,"minecraft:crafting_table":10,"minecraft:shears":227,"unusualprehistory:cooked_scau":1,"minecraft:diamond_pickaxe":3,"minecraft:bread":24,"minecraft:iron_pickaxe":55,"minecraft:stone_axe":30,"minecraft:diamond_sword":242,"minecraft:wooden_sword":25,"minecraft:cobblestone":11}},"DataVersion":3465}