{"stats":{"minecraft:picked_up":{"minecraft:iron_chestplate":1,"minecraft:cooked_beef":1,"minecraft:pumpkin":1,"minecraft:birch_slab":3,"minecraft:leather_leggings":1,"minecraft:golden_leggings":1,"minecraft:birch_planks":4,"minecraft:porkchop":1,"minecraft:birch_stairs":1,"minecraft:oak_log":1,"minecraft:golden_boots":1,"minecraft:map":1,"minecraft:dirt":8,"minecraft:moss_carpet":1,"minecraft:orange_bed":2,"minecraft:leather_boots":1,"minecraft:item_frame":2,"minecraft:wheat_seeds":2,"minecraft:iron_helmet":1,"minecraft:oak_sapling":1,"minecraft:moss_block":3,"minecraft:acacia_sapling":9},"minecraft:killed_by":{"darkestsouls:leech":1,"minecraft:zombie":1,"gnumus:gnumus_shaman":1},"minecraft:custom":{"minecraft:time_since_rest":4756,"minecraft:sprint_one_cm":149047,"minecraft:damage_taken":1193,"minecraft:walk_one_cm":121330,"minecraft:drop":6,"minecraft:damage_dealt":49,"minecraft:interact_with_crafting_table":1,"minecraft:swim_one_cm":33134,"minecraft:fly_one_cm":107574,"minecraft:open_barrel":1,"minecraft:open_chest":24,"minecraft:crouch_one_cm":593,"minecraft:play_time":42347,"minecraft:deaths":3,"minecraft:sneak_time":109,"minecraft:walk_under_water_one_cm":4088,"minecraft:jump":738,"minecraft:interact_with_grindstone":1,"minecraft:walk_on_water_one_cm":17965,"minecraft:time_since_death":6264,"minecraft:climb_one_cm":2799,"minecraft:total_world_time":42347,"minecraft:fall_one_cm":10412},"minecraft:dropped":{"minecraft:grass":1,"minecraft:oak_log":1,"minecraft:leather_boots":1,"minecraft:acacia_sapling":18,"minecraft:fern":3},"minecraft:mined":{"minecraft:birch_stairs":1,"minecraft:birch_planks":4,"minecraft:moss_carpet":1,"minecraft:pumpkin":1,"minecraft:grass":12,"minecraft:grass_block":4,"minecraft:oak_log":1,"minecraft:dirt":4,"minecraft:tall_grass":3,"minecraft:birch_slab":3,"minecraft:moss_block":3,"minecraft:oak_leaves":2,"minecraft:orange_bed":2},"minecraft:used":{"minecraft:moss_block":3,"minecraft:iron_shovel":10,"minecraft:bread":4,"minecraft:leather_helmet":1,"minecraft:dirt":7,"minecraft:porkchop":1,"tombstone:gift":2,"minecraft:cooked_beef":1}},"DataVersion":3465}