{"stats":{"minecraft:picked_up":{"minecraft:cooked_beef":1,"minecraft:item_frame":1,"minecraft:pumpkin":1,"minecraft:birch_slab":3,"minecraft:birch_planks":4,"minecraft:porkchop":1,"minecraft:birch_stairs":1,"minecraft:oak_log":1,"minecraft:oak_sapling":1},"minecraft:killed_by":{"minecraft:zombie":1},"minecraft:custom":{"minecraft:open_barrel":1,"minecraft:open_chest":4,"minecraft:time_since_rest":7061,"minecraft:crouch_one_cm":593,"minecraft:play_time":18347,"minecraft:sprint_one_cm":56845,"minecraft:deaths":1,"minecraft:damage_taken":425,"minecraft:walk_one_cm":40303,"minecraft:sneak_time":109,"minecraft:walk_under_water_one_cm":1730,"minecraft:jump":187,"minecraft:interact_with_grindstone":1,"minecraft:time_since_death":8418,"minecraft:walk_on_water_one_cm":6752,"minecraft:total_world_time":18347,"minecraft:climb_one_cm":768,"minecraft:swim_one_cm":7891,"minecraft:interact_with_crafting_table":1,"minecraft:fall_one_cm":5637,"minecraft:fly_one_cm":25578},"minecraft:mined":{"minecraft:oak_log":1,"minecraft:birch_planks":4,"minecraft:birch_stairs":1,"minecraft:birch_slab":3,"minecraft:pumpkin":1,"minecraft:oak_leaves":2},"minecraft:used":{"tombstone:gift":2,"minecraft:cooked_beef":1}},"DataVersion":3465}