{"stats":{"minecraft:killed_by":{"darkestsouls:leech":1,"darkestsouls:beast_patient":1,"darkestsouls:cloaked_beast_patient":1,"minecraft:player":1},"minecraft:killed":{"minecraft:pig":1},"minecraft:crafted":{"minecraft:wooden_sword":1,"minecraft:oak_planks":8,"minecraft:stick":4,"minecraft:wooden_pickaxe":1},"minecraft:custom":{"minecraft:time_since_rest":1,"minecraft:crouch_one_cm":348,"minecraft:deaths":4,"minecraft:play_time":11895,"minecraft:sprint_one_cm":75585,"minecraft:damage_taken":984,"minecraft:walk_one_cm":32273,"minecraft:sneak_time":57,"minecraft:walk_under_water_one_cm":1085,"minecraft:mob_kills":1,"minecraft:drop":1,"minecraft:jump":221,"minecraft:damage_dealt":513,"minecraft:walk_on_water_one_cm":357,"minecraft:time_since_death":725,"minecraft:total_world_time":11895,"minecraft:swim_one_cm":5328,"minecraft:interact_with_crafting_table":4,"minecraft:fall_one_cm":3293,"minecraft:fly_one_cm":42313,"minecraft:player_kills":2},"minecraft:mined":{"minecraft:grass_block":5,"minecraft:grass":7,"minecraft:oak_log":7,"minecraft:gravel":7,"minecraft:dirt":5},"minecraft:dropped":{"minecraft:porkchop":1},"minecraft:picked_up":{"minecraft:stick":12,"minecraft:wheat_seeds":3,"minecraft:gravel":7,"minecraft:porkchop":3,"minecraft:oak_log":4,"minecraft:dirt":10},"minecraft:used":{"minecraft:dirt":2,"minecraft:wooden_sword":34,"minecraft:porkchop":1,"tombstone:gift":2,"minecraft:gravel":6}},"DataVersion":3465}