{"stats":{"minecraft:killed_by":{"darkestsouls:leech":1,"darkestsouls:beast_patient":1,"darkestsouls:cloaked_beast_patient":1,"minecraft:player":1,"darkestsouls:hollow_axe":1},"minecraft:killed":{"minecraft:pig":1},"minecraft:crafted":{"minecraft:wooden_sword":1,"minecraft:oak_planks":8,"minecraft:stick":4,"minecraft:wooden_pickaxe":1},"minecraft:custom":{"minecraft:time_since_rest":1609,"minecraft:crouch_one_cm":348,"minecraft:deaths":5,"minecraft:play_time":23895,"minecraft:sprint_one_cm":109158,"minecraft:damage_taken":1444,"minecraft:walk_one_cm":50800,"minecraft:sneak_time":57,"minecraft:walk_under_water_one_cm":1085,"minecraft:mob_kills":1,"minecraft:drop":1,"minecraft:jump":566,"minecraft:damage_dealt":550,"minecraft:walk_on_water_one_cm":357,"minecraft:time_since_death":3111,"minecraft:total_world_time":23895,"minecraft:swim_one_cm":5328,"minecraft:interact_with_crafting_table":5,"minecraft:fall_one_cm":6518,"minecraft:fly_one_cm":127652,"minecraft:player_kills":2},"minecraft:mined":{"minecraft:grass_block":5,"minecraft:grass":7,"minecraft:oak_log":7,"minecraft:gravel":7,"minecraft:dirt":7},"minecraft:dropped":{"minecraft:porkchop":1},"minecraft:picked_up":{"minecraft:stick":12,"minecraft:wheat_seeds":3,"minecraft:gravel":7,"minecraft:porkchop":3,"minecraft:oak_log":4,"minecraft:dirt":12},"minecraft:used":{"minecraft:dirt":4,"minecraft:wooden_sword":34,"minecraft:porkchop":1,"tombstone:gift":2,"minecraft:gravel":7}},"DataVersion":3465}