{"stats":{"minecraft:picked_up":{"minecraft:iron_chestplate":1,"minecraft:cooked_beef":1,"minecraft:pumpkin":1,"minecraft:birch_slab":3,"minecraft:leather_leggings":1,"minecraft:golden_leggings":1,"minecraft:birch_planks":4,"minecraft:porkchop":1,"minecraft:birch_stairs":1,"minecraft:oak_log":1,"minecraft:golden_boots":1,"minecraft:map":1,"minecraft:leather_boots":1,"minecraft:item_frame":2,"minecraft:wheat_seeds":1,"minecraft:iron_helmet":1,"minecraft:oak_sapling":1,"minecraft:acacia_sapling":9},"minecraft:killed_by":{"minecraft:zombie":1},"minecraft:custom":{"minecraft:time_since_rest":19061,"minecraft:sprint_one_cm":104384,"minecraft:damage_taken":584,"minecraft:walk_one_cm":86748,"minecraft:drop":6,"minecraft:damage_dealt":26,"minecraft:interact_with_crafting_table":1,"minecraft:swim_one_cm":11410,"minecraft:fly_one_cm":56983,"minecraft:open_barrel":1,"minecraft:open_chest":19,"minecraft:crouch_one_cm":593,"minecraft:play_time":30347,"minecraft:deaths":1,"minecraft:sneak_time":109,"minecraft:walk_under_water_one_cm":1956,"minecraft:jump":356,"minecraft:interact_with_grindstone":1,"minecraft:walk_on_water_one_cm":9185,"minecraft:time_since_death":20418,"minecraft:climb_one_cm":768,"minecraft:total_world_time":30347,"minecraft:fall_one_cm":7325},"minecraft:dropped":{"minecraft:grass":1,"minecraft:oak_log":1,"minecraft:leather_boots":1,"minecraft:acacia_sapling":18,"minecraft:fern":3},"minecraft:mined":{"minecraft:birch_stairs":1,"minecraft:birch_planks":4,"minecraft:pumpkin":1,"minecraft:grass":11,"minecraft:oak_log":1,"minecraft:tall_grass":3,"minecraft:birch_slab":3,"minecraft:oak_leaves":2},"minecraft:used":{"minecraft:iron_shovel":10,"minecraft:bread":3,"minecraft:porkchop":1,"tombstone:gift":2,"minecraft:cooked_beef":1}},"DataVersion":3465}