{"stats":{"minecraft:killed_by":{"darkestsouls:leech":1,"darkestsouls:beast_patient":2,"minecraft:player":1,"minecraft:creeper":1,"darkestsouls:cloaked_beast_patient":1,"darkestsouls:hollow_axe":1},"minecraft:killed":{"minecraft:pig":2},"minecraft:crafted":{"minecraft:wooden_sword":1,"minecraft:oak_planks":8,"minecraft:stick":4,"minecraft:wooden_pickaxe":1,"minecraft:cooked_mutton":1},"minecraft:custom":{"minecraft:time_since_rest":1,"minecraft:interact_with_furnace":2,"minecraft:sprint_one_cm":132818,"minecraft:walk_one_cm":84960,"minecraft:damage_taken":3989,"minecraft:mob_kills":2,"minecraft:drop":4,"minecraft:damage_dealt":690,"minecraft:player_kills":2,"minecraft:swim_one_cm":9335,"minecraft:interact_with_crafting_table":5,"minecraft:fly_one_cm":149635,"minecraft:crouch_one_cm":348,"minecraft:play_time":47895,"minecraft:deaths":11,"minecraft:sneak_time":89,"minecraft:walk_under_water_one_cm":2536,"minecraft:jump":817,"minecraft:time_since_death":737,"minecraft:walk_on_water_one_cm":1833,"minecraft:sleep_in_bed":1,"minecraft:total_world_time":47895,"minecraft:fall_one_cm":31459},"minecraft:mined":{"minecraft:coarse_dirt":1,"minecraft:andesite":7,"minecraft:grass":18,"minecraft:calcite":4,"minecraft:grass_block":11,"minecraft:oak_log":22,"minecraft:gravel":7,"minecraft:dirt":15,"minecraft:tall_grass":2,"minecraft:smooth_basalt":4,"minecraft:stone":30,"minecraft:deepslate":4,"minecraft:amethyst_block":7},"minecraft:dropped":{"minecraft:porkchop":3,"minecraft:coarse_dirt":1},"minecraft:picked_up":{"minecraft:coarse_dirt":2,"minecraft:stick":12,"minecraft:smooth_basalt":4,"minecraft:andesite":7,"minecraft:gravel":7,"minecraft:porkchop":6,"minecraft:oak_log":19,"minecraft:amethyst_block":7,"minecraft:dirt":25,"minecraft:wheat_seeds":6,"minecraft:cobbled_deepslate":4,"minecraft:calcite":4,"minecraft:cobblestone":34},"minecraft:used":{"minecraft:cooked_mutton":1,"minecraft:wooden_pickaxe":56,"minecraft:gravel":7,"minecraft:wooden_sword":34,"minecraft:dirt":7,"minecraft:cobblestone":4,"minecraft:porkchop":3,"tombstone:gift":2}},"DataVersion":3465}