{"stats":{"minecraft:killed_by":{"darkestsouls:bonewheel":1,"darkestsouls:leech":1,"darkestsouls:beast_patient":3,"minecraft:player":1,"minecraft:creeper":1,"darkestsouls:cloaked_beast_patient":1,"darkestsouls:hollow_axe":1},"minecraft:killed":{"minecraft:zombie":1,"minecraft:pig":2},"minecraft:crafted":{"minecraft:wooden_sword":1,"minecraft:oak_planks":8,"minecraft:stick":4,"minecraft:wooden_pickaxe":1,"minecraft:cooked_mutton":1},"minecraft:custom":{"minecraft:time_since_rest":18299,"minecraft:interact_with_furnace":2,"minecraft:sprint_one_cm":153085,"minecraft:walk_one_cm":107557,"minecraft:damage_taken":4560,"minecraft:mob_kills":3,"minecraft:drop":4,"minecraft:damage_dealt":755,"minecraft:player_kills":2,"minecraft:swim_one_cm":9335,"minecraft:interact_with_crafting_table":5,"minecraft:fly_one_cm":155906,"minecraft:crouch_one_cm":721,"minecraft:play_time":71895,"tombstone:undead_killed":1,"minecraft:deaths":13,"minecraft:sneak_time":164,"minecraft:walk_under_water_one_cm":2536,"minecraft:jump":941,"minecraft:time_since_death":19389,"minecraft:walk_on_water_one_cm":3633,"minecraft:sleep_in_bed":3,"minecraft:total_world_time":71895,"minecraft:fall_one_cm":34240},"minecraft:mined":{"minecraft:coarse_dirt":1,"minecraft:andesite":7,"minecraft:grass":18,"minecraft:calcite":4,"minecraft:grass_block":11,"minecraft:oak_log":22,"minecraft:gravel":7,"minecraft:dirt":23,"minecraft:tall_grass":2,"minecraft:smooth_basalt":4,"minecraft:stone":30,"minecraft:oak_planks":2,"minecraft:wall_torch":1,"minecraft:deepslate":4,"minecraft:amethyst_block":7},"minecraft:dropped":{"minecraft:porkchop":3,"minecraft:coarse_dirt":1},"minecraft:picked_up":{"minecraft:coarse_dirt":2,"minecraft:stick":12,"minecraft:smooth_basalt":4,"minecraft:andesite":7,"minecraft:torch":1,"minecraft:gravel":7,"minecraft:porkchop":6,"minecraft:oak_log":19,"minecraft:amethyst_block":7,"minecraft:dirt":34,"minecraft:wheat_seeds":6,"minecraft:cobbled_deepslate":4,"minecraft:calcite":4,"minecraft:oak_planks":2,"minecraft:cobblestone":34},"minecraft:used":{"minecraft:cooked_mutton":1,"minecraft:wooden_pickaxe":56,"minecraft:gravel":7,"minecraft:torch":1,"minecraft:wooden_sword":36,"minecraft:dirt":25,"minecraft:cobblestone":4,"minecraft:porkchop":3,"tombstone:gift":2,"minecraft:coarse_dirt":1}},"DataVersion":3465}