{"stats":{"minecraft:dropped":{"minecraft:wheat_seeds":2},"minecraft:mined":{"minecraft:grass":1,"minecraft:grass_block":9,"minecraft:dirt":3,"minecraft:spruce_leaves":1,"minecraft:spruce_log":1,"minecraft:fern":4},"minecraft:picked_up":{"minecraft:wheat_seeds":4,"minecraft:spruce_log":1,"minecraft:dirt":12},"minecraft:used":{"minecraft:dirt":11,"minecraft:spruce_log":1},"minecraft:custom":{"minecraft:time_since_rest":1702,"minecraft:crouch_one_cm":422,"minecraft:play_time":5447,"minecraft:sprint_one_cm":9409,"minecraft:deaths":2,"minecraft:damage_taken":527,"minecraft:walk_one_cm":9848,"minecraft:sneak_time":89,"minecraft:drop":2,"minecraft:jump":141,"minecraft:damage_dealt":308,"minecraft:leave_game":1,"minecraft:time_since_death":1674,"minecraft:total_world_time":5447,"minecraft:player_kills":1,"minecraft:fall_one_cm":5220,"minecraft:fly_one_cm":19664},"minecraft:killed_by":{"minecraft:player":2}},"DataVersion":3465}