{"stats":{"minecraft:used":{"minecraft:wooden_sword":7,"minecraft:sand":2,"minecraft:crafting_table":1,"minecraft:porkchop":1,"tombstone:gift":2},"minecraft:killed_by":{"iceandfire:ghost":5},"minecraft:killed":{"minecraft:pig":1,"iceandfire:ghost":2},"minecraft:picked_up":{"minecraft:stick":3,"minecraft:porkchop":1,"minecraft:sand":2,"minecraft:oak_log":6,"minecraft:oak_sapling":3},"minecraft:custom":{"minecraft:time_since_rest":193,"minecraft:deaths":5,"minecraft:sprint_one_cm":15374,"minecraft:play_time":8785,"tombstone:undead_killed":2,"minecraft:damage_taken":1260,"minecraft:walk_one_cm":27515,"minecraft:trigger_trapped_chest":5,"minecraft:mob_kills":3,"minecraft:jump":201,"minecraft:damage_dealt":1043,"minecraft:leave_game":2,"minecraft:time_since_death":358,"minecraft:climb_one_cm":80,"minecraft:total_world_time":8785,"minecraft:interact_with_crafting_table":1,"minecraft:fall_one_cm":4249,"minecraft:fly_one_cm":38787},"minecraft:mined":{"minecraft:large_fern":1,"minecraft:grass":3,"minecraft:oak_log":6,"minecraft:vine":1,"minecraft:sand":2,"minecraft:tall_grass":1},"minecraft:crafted":{"minecraft:wooden_sword":1,"minecraft:oak_planks":24,"minecraft:crafting_table":1,"minecraft:stick":4}},"DataVersion":3465}